manuscript_id,true_index,probability_1200,probability_1250,probability_1300,probability_1350,probability_1400,probability_1450,probability_1500,predicted_index,true_label,predicted_label,confidence
990000463230205171,6,0.03422398416151348,0.09803917752569678,0.22840285220246678,0.0884046737389887,0.13945870181299744,0.20852150652948415,0.2029491040288527,2,1500,1300,0.22840285220246678
990000532390205171,3,0.09533131948437296,0.04138271506413552,0.3065448300846705,0.11698686111474542,0.08986892517855738,0.23616713996368913,0.11371820910982913,2,1350,1300,0.3065448300846705
990000543280205171,3,0.10378435851845698,0.41360037430079066,0.09765848305472086,0.059893898058267114,0.08334953552117735,0.21863504072109982,0.023078309825487163,1,1350,1250,0.41360037430079066
990000548920205171,1,0.16271725555418862,0.1848680669066345,0.07092210134994362,0.20809178122392702,0.09130083824784185,0.22648110394864843,0.05561885276881605,5,1250,1450,0.22648110394864843
990000559250205171,5,0.041549657651751816,0.037988832201654915,0.06203942491194754,0.2861951303961461,0.1064874960526427,0.22343251520991741,0.24230694357593952,3,1450,1350,0.2861951303961461
990000569000205171,5,0.059710604881078204,0.09915245201908725,0.0893041219935118,0.09818540404913063,0.2516460186566949,0.2501006295694852,0.15190076883101203,4,1450,1400,0.2516460186566949
990000578830205171,4,0.07891571159596414,0.10106851436228359,0.09611852178815389,0.1967328754605916,0.2094370451480038,0.1671490932061848,0.15057823843881818,4,1400,1400,0.2094370451480038
990000589100205171,4,0.07442666408416647,0.10360917016847307,0.1880703747054585,0.08652882458505239,0.32470323411084673,0.14955599157063484,0.07310574077536795,4,1400,1400,0.32470323411084673
990000592890205171,4,0.08508105049992931,0.08123871590845294,0.1593593220563535,0.17545153433765295,0.1128016585344146,0.2615933216536721,0.12447439700952458,5,1400,1450,0.2615933216536721
990000621880205171,1,0.08824804037942897,0.20523661208267033,0.07943326021379722,0.14985873456131824,0.16543521315628212,0.27616003042706827,0.03562810917943491,5,1250,1450,0.27616003042706827
990000628890205171,5,0.04766065044917136,0.04968302773780097,0.025253121782683064,0.0432640518193469,0.06644282798296734,0.6316044131913013,0.13609190703672902,5,1450,1450,0.6316044131913013
990000629920205171,5,0.0958422246150991,0.09068579433354347,0.18389325205260246,0.20740461224414022,0.1971661881905446,0.1934662336739247,0.03154169489014544,3,1450,1350,0.20740461224414022
990000661240205171,2,0.07989958831006987,0.15321039741576675,0.15251900971666899,0.13899890200706538,0.1934134629001539,0.08836446321183657,0.19359417643843854,6,1300,1500,0.19359417643843854
990000672550205171,6,0.06057374643332517,0.07831887333729944,0.20457976349313234,0.041633174659007816,0.17923414088442693,0.22373827496712034,0.21192202622568793,5,1500,1450,0.22373827496712034
990000685220205171,4,0.09502113843057094,0.047062808721058606,0.14808272270673192,0.0632810553875854,0.17885723240162854,0.3525192288271859,0.1151758135252387,5,1400,1450,0.3525192288271859
990000687070205171,5,0.030953052878923998,0.04188325646826857,0.07414724554690925,0.3188350227386391,0.18112652927137887,0.2732297910996092,0.07982510199627098,3,1450,1350,0.3188350227386391
990000687640205171,2,0.08052425670040503,0.22943402703306431,0.13689099336248517,0.1338188071948177,0.18702531089117275,0.08748988707525412,0.14481671774280092,1,1300,1250,0.22943402703306431
990000689170205171,2,0.08512676778135717,0.20560026380762145,0.17338291877433623,0.08564703243407527,0.16740562795062647,0.21073063208279946,0.07210675716918391,5,1300,1450,0.21073063208279946
990000689930205171,2,0.11123348152616515,0.4058025940394288,0.052756850465524474,0.035302619066226885,0.09894479884813182,0.1653030970448817,0.13065655900964113,1,1300,1250,0.4058025940394288
990000689940205171,2,0.11551538728065638,0.08742844437101771,0.17591641789298607,0.12033559809061188,0.12083246684079936,0.2825740157939791,0.09739766972994947,5,1300,1450,0.2825740157939791
990000689990205171,3,0.06244995663731277,0.041687031389165984,0.24272083723723623,0.23639823912768748,0.26639183215417395,0.11593251111411117,0.03441959234031241,4,1350,1400,0.26639183215417395
990000695610205171,5,0.04868851346749788,0.030251902404875783,0.09093289109277278,0.1318814512241236,0.21901465808277762,0.3979244191922945,0.08130616453565792,5,1450,1450,0.3979244191922945
990000704990205171,4,0.0498393049522716,0.1904123944227724,0.05432646864880017,0.28246841915008686,0.1826846436696462,0.21117027383184347,0.02909849532457926,3,1400,1350,0.28246841915008686
990000707360205171,4,0.04836582855709619,0.06679476993930074,0.0878670075861238,0.173523136028816,0.3652674466506412,0.13200576762891442,0.12617604360910759,4,1400,1400,0.3652674466506412
990000707370205171,3,0.055487063368491525,0.20561125537099176,0.17408444105949072,0.21635488300093375,0.26618814231193805,0.050100907383645206,0.032173307504509016,4,1350,1400,0.26618814231193805
990000707390205171,3,0.07761965839303281,0.12176862393350002,0.07134733921805102,0.14979747407055533,0.12317808098718669,0.2588324275147136,0.19745639588296052,5,1350,1450,0.2588324275147136
990000707530205171,3,0.09686501869559477,0.2721434849386121,0.15645400377224836,0.16990516313932474,0.08419441026023294,0.1472358021530093,0.0732021170409778,1,1350,1250,0.2721434849386121
990000707590205171,4,0.08301526368772864,0.1326091694344223,0.09120425604578086,0.13886096637756748,0.19805833013265217,0.17756241949152693,0.17868959483032165,4,1400,1400,0.19805833013265217
990000707690205171,3,0.14240622666264413,0.07562413276003954,0.06211593950178198,0.11132126722329494,0.2742406672423196,0.2273255617231781,0.10696620488674177,4,1350,1400,0.2742406672423196
990000710530205171,5,0.10678700388030331,0.22264640776472006,0.10596464023489763,0.10784893695311512,0.13999405791953667,0.2603113945163071,0.05644755873112014,5,1450,1450,0.2603113945163071
990000724440205171,3,0.10359026996460662,0.24142538744507414,0.055673343848393314,0.06917437932241687,0.12252403725236459,0.259543393502317,0.14806918866482752,5,1350,1450,0.259543393502317
990000724450205171,1,0.1049860549713335,0.3618480835678639,0.11379958189438,0.15094383116410912,0.17002553577404414,0.05738753962109791,0.041009373007171473,1,1250,1250,0.3618480835678639
990000726390205171,5,0.06903784788324616,0.12193132666885609,0.2247449712560843,0.18250997234593277,0.1630766993358158,0.15712637481506977,0.08157280769499506,2,1450,1300,0.2247449712560843
990000726630205171,6,0.03200114831873008,0.07930045351297946,0.06991713798744356,0.1805409210986783,0.3874232092085428,0.08910701646014992,0.16171011341347594,4,1500,1400,0.3874232092085428
990000727170205171,2,0.12634557662311013,0.213173388608598,0.08747387456639688,0.059030270270089266,0.14665307208231454,0.22971632501152747,0.13760749283796372,5,1300,1450,0.22971632501152747
990000727650205171,5,0.02356668152455857,0.04767473009699971,0.14959255870279875,0.1704378333489276,0.29625677786913096,0.12146281714619794,0.19100860131138644,4,1450,1400,0.29625677786913096
990000727920205171,4,0.09479284487779166,0.27039457850796383,0.1593592756126321,0.15532899722470295,0.1726180099615381,0.08569499290227915,0.0618113009130922,1,1400,1250,0.27039457850796383
990000727950205171,1,0.1731673904489579,0.13856232148052372,0.15490685491410314,0.11570817137048768,0.1629252462706008,0.16151850592032727,0.09321150959499949,0,1250,1200,0.1731673904489579
990000728000205171,2,0.09277719483277239,0.08015711335294984,0.08457338971416607,0.25318961735133116,0.21370519138170088,0.12073321610717726,0.15486427725990237,3,1300,1350,0.25318961735133116
990000728260205171,4,0.046090827133765035,0.3045161010321315,0.14602596307295357,0.09389125529656789,0.1981809724487117,0.10898765525133712,0.10230722576453323,1,1400,1250,0.3045161010321315
990000728330205171,5,0.08495016264996323,0.1867962407330926,0.16999525543753652,0.10491809310348672,0.1306661343877355,0.23226548032689373,0.09040863336129167,5,1450,1450,0.23226548032689373
990000729840205171,5,0.09132784712443069,0.1396492033670115,0.14005724526713473,0.06485664089533658,0.1599663316689342,0.3342418782082744,0.06990085346887792,5,1450,1450,0.3342418782082744
990000732780205171,4,0.0654498702614307,0.06921899018989806,0.09337034643891017,0.050697680473831525,0.27957611052965436,0.1541374586189946,0.28754954348728057,6,1400,1500,0.28754954348728057
990000751130205171,5,0.09102698357209443,0.12194094171732033,0.12864205724034508,0.08985737373824706,0.15367988419002762,0.3332370154146259,0.08161574412733956,5,1450,1450,0.3332370154146259
990000751360205171,5,0.05290790834268498,0.17460132150174382,0.2385343147644069,0.06118279006283706,0.09728842659495085,0.24444709226443667,0.13103814646893971,5,1450,1450,0.24444709226443667
990000757140205171,5,0.10400902685063952,0.22594261974927116,0.06403651709024526,0.14398037093826463,0.19218231282149253,0.19656266287839885,0.07328648967168806,1,1450,1250,0.22594261974927116
990000769450205171,3,0.1209579687541698,0.1361196728142382,0.09056804635734647,0.20186493080782675,0.15378013916246144,0.1801962011103464,0.11651304099361096,3,1350,1350,0.20186493080782675
990000773370205171,1,0.09607826154908801,0.09091691214166422,0.12214922183066164,0.14091606439914167,0.19320810313860065,0.26839825445123205,0.08833318248961172,5,1250,1450,0.26839825445123205
990000773650205171,4,0.03942880031070677,0.036209149620084286,0.10954927672747371,0.14044518094306693,0.08237017240608452,0.29861684345024636,0.29338057654233746,5,1400,1450,0.29861684345024636
990000773740205171,6,0.19734600035993932,0.0438913114492737,0.05345986512860703,0.13213063505520173,0.1849967001196327,0.28412866322904234,0.10404682465830314,5,1500,1450,0.28412866322904234
990000779480205171,5,0.04932783619398682,0.05348884287980729,0.07671748098526603,0.12008820693193849,0.14282297784657275,0.43648804514404693,0.12106661001838172,5,1450,1450,0.43648804514404693
990000779660205171,5,0.07882315611609543,0.08587816049243932,0.16142060571487452,0.10806943113213417,0.1546641040831632,0.13945705064853095,0.2716874918127624,6,1450,1500,0.2716874918127624
990000782780205171,4,0.04800207026203074,0.14745635461905754,0.1762719203954042,0.16973885347862502,0.1959019445695073,0.16202566822554088,0.10060318844983432,4,1400,1400,0.1959019445695073
990000787510205171,4,0.12329696227959072,0.23248809696250144,0.10558052765190996,0.14381259214522843,0.14074785997262884,0.22654858956682344,0.027525371421317148,1,1400,1250,0.23248809696250144
990000787570205171,1,0.0532485848065834,0.6961421932951097,0.022965187533593542,0.037482947069058435,0.0872673964129112,0.08563009468565719,0.017263596197086485,1,1250,1250,0.6961421932951097
990000787860205171,4,0.06043252136169321,0.26057793837902565,0.09667533208809619,0.12668254824778352,0.14943640000278424,0.23943838252052135,0.06675687740009581,1,1400,1250,0.26057793837902565
990000793620205171,5,0.07483686009404333,0.24552394181238285,0.0774918817182896,0.05940908233009786,0.08071338806427805,0.2681867884301961,0.19383805755071215,5,1450,1450,0.2681867884301961
990000794040205171,6,0.08310467953555888,0.0563641965423792,0.045414244717891475,0.27327306834541026,0.06400326430308033,0.3130906844228471,0.1647498621328327,5,1500,1450,0.3130906844228471
990000794500205171,6,0.04034222136469321,0.03436745512910286,0.059527514539949235,0.0708645109953977,0.13643935718860598,0.4216536725748559,0.23680526820739506,5,1500,1450,0.4216536725748559
990000800070205171,4,0.04162704291965811,0.059257636565312535,0.1547962100432462,0.0685804528844121,0.2920569777458411,0.17174850654800725,0.21193317329352265,4,1400,1400,0.2920569777458411
990000806130205171,4,0.0750023073429343,0.35219927424381964,0.06541595090106397,0.08847256468433606,0.16287621624436566,0.1459016981912278,0.11013198839225254,1,1400,1250,0.35219927424381964
990000806340205171,5,0.11265611668606824,0.2075188005670008,0.037516808812051106,0.07063766367007586,0.13959189339325134,0.3347791222802253,0.09729959459132731,5,1450,1450,0.3347791222802253
990000811450205171,4,0.06210094712316173,0.08160063443498357,0.08109422501831044,0.2725757303697047,0.15352354453017256,0.17711229743731924,0.17199262108634772,3,1400,1350,0.2725757303697047
990000813960205171,3,0.12968701687847337,0.17733796554388925,0.19016080599045335,0.15546212233129963,0.045076598083203204,0.173630665398177,0.1286448257745042,2,1350,1300,0.19016080599045335
990000814240205171,5,0.10879974064826953,0.11629608265116577,0.06659174185982833,0.13519186280237933,0.09535599777790725,0.2962766109824557,0.18148796327799402,5,1450,1450,0.2962766109824557
990000817090205171,4,0.06861806635486985,0.04559288686029481,0.13706014532118535,0.10091479915439544,0.24397907730151883,0.2501898830763912,0.15364514193134454,5,1400,1450,0.2501898830763912
990000819900205171,2,0.033948120237000626,0.14215486429622948,0.05815250077000286,0.28819204759003997,0.23129880092325508,0.18356608018600692,0.0626875859974651,3,1300,1350,0.28819204759003997
990000820410205171,6,0.0652236254939979,0.13214806801563292,0.11456081688891148,0.06773592266889777,0.0762065579657583,0.4792524306707158,0.06487257829608581,5,1500,1450,0.4792524306707158
990000820440205171,5,0.05628185577963794,0.04966504411571405,0.10895813177624737,0.10328820389253635,0.07677212696867694,0.4793077395413482,0.1257268979258391,5,1450,1450,0.4793077395413482
990000821580205171,6,0.03280391906116936,0.29863308175428516,0.061661336175740766,0.0822226389424023,0.11922414863514215,0.12383035318603527,0.28162452224522494,1,1500,1250,0.29863308175428516
990000825110205171,5,0.08474436357784114,0.18128017188272008,0.0701222633086105,0.04443801336979451,0.08517403506502795,0.4762240168416659,0.05801713595433986,5,1450,1450,0.4762240168416659
990000827000205171,3,0.15527157964193358,0.08748151040500529,0.2805999820538143,0.08576005814129528,0.13570165158105052,0.17934150409677155,0.07584371408012953,2,1350,1300,0.2805999820538143
990000828190205171,5,0.0576136355337088,0.048471936079108324,0.19353255074860898,0.01121708308880756,0.08276562053610159,0.5136394462390504,0.09275972777461437,5,1450,1450,0.5136394462390504
990000832490205171,5,0.08837800392994959,0.21389393965688577,0.11976312936215447,0.06808396969758851,0.1378133355208763,0.2789592270493811,0.09310839478316428,5,1450,1450,0.2789592270493811
990000833930205171,4,0.08137193897277877,0.09342900897333212,0.12459443448191738,0.3534545413110947,0.17107072452060193,0.11953051787983025,0.05654883386044484,3,1400,1350,0.3534545413110947
990000834970205171,1,0.14927141100169206,0.17076566861286457,0.09885699012903322,0.0776397211445652,0.08972027232652742,0.29970796123697313,0.1140379755483443,5,1250,1450,0.29970796123697313
990000843440205171,4,0.04155771251670479,0.2261491420217483,0.08992435759697477,0.092627788733125,0.15309088240736413,0.3610796755343278,0.035570441189755296,5,1400,1450,0.3610796755343278
990000843540205171,5,0.08161466089052244,0.16925203254732055,0.24180657652134704,0.12511593980204022,0.12039245623950894,0.12997846202462737,0.13183987197463343,2,1450,1300,0.24180657652134704
990000844620205171,2,0.23904931912532135,0.36670839474961475,0.12443177918396835,0.06937278227824024,0.12082591556497217,0.05865974685314859,0.020952062244734563,1,1300,1250,0.36670839474961475
990000858570205171,6,0.22899216316840712,0.0657681848126095,0.17072286798097758,0.13427972025432727,0.18019117503395798,0.08438178765728246,0.13566410109243807,0,1500,1200,0.22899216316840712
990000862440205171,3,0.07698584611445679,0.0821950443220282,0.31978091535993164,0.1522564564638457,0.15614394410064017,0.17020170459106332,0.04243608904803418,2,1350,1300,0.31978091535993164
990000871760205171,4,0.07850777738654045,0.1614036047726362,0.10947556155233631,0.32747040508507147,0.14817888840535404,0.08988215072063628,0.08508161207742523,3,1400,1350,0.32747040508507147
990000871790205171,5,0.04433499644048551,0.03329696861780198,0.17204833420974364,0.08211516571741534,0.2608621867844584,0.31883249961399307,0.08850984861610205,5,1450,1450,0.31883249961399307
990000889850205171,5,0.06722280456395659,0.0639338032390985,0.19206346380537007,0.09648037693364399,0.17121669586018468,0.23422150778439074,0.1748613478133554,5,1450,1450,0.23422150778439074
990000891380205171,5,0.03804311466678079,0.04212629205688134,0.08214770760685014,0.1644113284288814,0.30737512831690966,0.24953355784709721,0.11636287107659941,4,1450,1400,0.30737512831690966
990000891760205171,2,0.04239358867406619,0.06722257632438623,0.08423274235148764,0.29155145049299164,0.05377032652588541,0.16276915712093065,0.29806015851025225,6,1300,1500,0.29806015851025225
990000892890205171,2,0.1184656128814627,0.17712495633278075,0.15799540397119213,0.0980279206380175,0.08182768073976017,0.255771429466398,0.11078699597038874,5,1300,1450,0.255771429466398
990000894080205171,5,0.05005968641858623,0.13237599607479006,0.04880595551177449,0.1401563795148098,0.15652471915060154,0.3753683470950705,0.09670891623436738,5,1450,1450,0.3753683470950705
990000894090205171,2,0.07311236597077346,0.07630140307733917,0.16716254813932127,0.1338485732689028,0.07741964289055955,0.19517997482113766,0.27697549183196607,6,1300,1500,0.27697549183196607
990000897110205171,1,0.11281412560668089,0.1920531148442269,0.08601875866796503,0.13777657488466696,0.18970800679545952,0.19325256258045947,0.08837685662054119,5,1250,1450,0.19325256258045947
990000908210205171,5,0.17250513261870373,0.13902992984135892,0.07400206777483721,0.14209805287592467,0.266172715741814,0.12958717316900822,0.07660492797835325,4,1450,1400,0.266172715741814
990000909450205171,2,0.05792507188537595,0.1505283765057643,0.09400645737470223,0.15843250788158011,0.126204621349118,0.24710506237485674,0.16579790262860267,5,1300,1450,0.24710506237485674
990000911150205171,5,0.09610688990764026,0.0843228269860638,0.0873797743123926,0.20173214474523196,0.2772903157877127,0.12892249818664414,0.12424555007431451,4,1450,1400,0.2772903157877127
990000911600205171,5,0.07463920353073425,0.13323066251604457,0.0650916746701958,0.2906565540024026,0.2823702677658534,0.08058892607979987,0.07342271143496959,3,1450,1350,0.2906565540024026
990000912270205171,5,0.06540615271232243,0.04614202966902955,0.05654436856341968,0.065077753307093,0.23972337661559354,0.4030517244060854,0.1240545947264564,5,1450,1450,0.4030517244060854
990000914110205171,4,0.06210723042834954,0.05131659963998803,0.08304623019759777,0.024681317932044054,0.22650247539555263,0.48685891630676204,0.06548723009970595,5,1400,1450,0.48685891630676204
990000914320205171,4,0.07757007567719283,0.037792061445641,0.23704767773662044,0.10700973683475451,0.2859071540597178,0.1063410671633842,0.1483322270826892,4,1400,1400,0.2859071540597178
990000914710205171,5,0.09375078031495988,0.06386439063894032,0.13636928064284878,0.27678133018889417,0.13671093845840201,0.23441300807455268,0.058110271681402176,3,1450,1350,0.27678133018889417
990000926860205171,5,0.068883315959242,0.06377933944173114,0.050369028525963984,0.09080356574072548,0.13874659723548896,0.4170253796754282,0.17039277342142026,5,1450,1450,0.4170253796754282
990000926870205171,4,0.07484187392735625,0.0914476004947734,0.19716506404483639,0.188061351623638,0.1989883586347145,0.10764891206358598,0.14184683921109545,4,1400,1400,0.1989883586347145
990000927290205171,5,0.07340773900403479,0.04431369381626355,0.1303903778659747,0.09670706060695762,0.32898165545086683,0.2507832445962731,0.0754162286596294,4,1450,1400,0.32898165545086683
990000938130205171,6,0.053706133752884765,0.16897595884314395,0.39134118885759533,0.08006458726506159,0.10905355867986417,0.16146331247355064,0.03539526012789953,2,1500,1300,0.39134118885759533
990000940950205171,2,0.033009525292893624,0.06660424700276688,0.31375758998534947,0.3731627938203313,0.06703361435262611,0.11603749351988067,0.030394736026151933,3,1300,1350,0.3731627938203313
990000955240205171,2,0.10125213349397642,0.09861252714242927,0.31718717065890245,0.11264136088216899,0.10060880946362946,0.20296875806529197,0.06672924029360149,2,1300,1300,0.31718717065890245
990000997940205171,5,0.07599013102371382,0.08907897064311643,0.0689592868814887,0.08165717917038678,0.06935331377522287,0.3988214840614873,0.2161396344445841,5,1450,1450,0.3988214840614873
990001002860205171,4,0.11196503278339516,0.06184173822366705,0.03869606669826384,0.08771459238448244,0.13614838250146544,0.4888787800099237,0.07475540739880238,5,1400,1450,0.4888787800099237
990001025070205171,1,0.07288254182102452,0.07783854956278934,0.27053280948666275,0.21382438622717856,0.08857579773128753,0.141083473712712,0.13526244145834534,2,1250,1300,0.27053280948666275
990001071910205171,3,0.0599692278889426,0.03631395866836336,0.09852088118738227,0.1457283191079988,0.11882678289062218,0.3163699375024741,0.22427089275421663,5,1350,1450,0.3163699375024741
990001072110205171,5,0.16763062338052553,0.10626518023110142,0.16731666521800329,0.12319545218762137,0.0646638727299804,0.26227335830570103,0.10865484794706698,5,1450,1450,0.26227335830570103
990001072240205171,3,0.09837944492241205,0.18333299147729354,0.05171064749682173,0.07531619558692428,0.11158926563553123,0.25942052229560275,0.22025093258541442,5,1350,1450,0.25942052229560275
990001090670205171,2,0.11894625582069489,0.29357425559290085,0.0732443110611761,0.07254206559170016,0.09415104383925162,0.25715747930507105,0.09038458878920543,1,1300,1250,0.29357425559290085
990001111140205171,5,0.10656943695325627,0.1213988069274669,0.18650335615590008,0.2816958072906719,0.1298369648455688,0.12791856771721521,0.04607706010992078,3,1450,1350,0.2816958072906719
990001111860205171,5,0.1499330023090038,0.13917129098780479,0.10092081977596751,0.07553590998634362,0.12681916928856962,0.2013887119076199,0.20623109574469076,6,1450,1500,0.20623109574469076
990001112040205171,5,0.08472955771208376,0.07404905694018234,0.043437815830709214,0.05213067362204235,0.12288644239348052,0.25518792227689086,0.367578531224611,6,1450,1500,0.367578531224611
990001112520205171,0,0.18405735804638637,0.09042897682942871,0.10174992466166254,0.20434335880651183,0.06470163077621262,0.2361323556780796,0.11858639520171829,5,1200,1450,0.2361323556780796
990001118560205171,2,0.08016178500722995,0.2651534779902718,0.06375891799903742,0.1683262389666812,0.10340966039284158,0.22526850096851095,0.09392141867542707,1,1300,1250,0.2651534779902718
990001118650205171,5,0.022373563763706677,0.01540419257841339,0.06270467793443368,0.20534075226302437,0.16873758766981567,0.3899225334970118,0.1355166922935944,5,1450,1450,0.3899225334970118
990001118700205171,5,0.02846667005138773,0.08999064427008031,0.09789202849245865,0.06727288828069382,0.13622022243156034,0.45655827781486896,0.1235992686589502,5,1450,1450,0.45655827781486896
990001118720205171,1,0.12481980315670502,0.20126930415080782,0.14497222769071502,0.28867445156714644,0.10182720294400256,0.09711725583484859,0.041319754655774574,3,1250,1350,0.28867445156714644
990001124770205171,3,0.07232827198118554,0.0528291178486537,0.1480885543248991,0.4462768447227181,0.05191058908028287,0.11418820615660843,0.11437841588565224,3,1350,1350,0.4462768447227181
990001133380205171,5,0.08159687797915388,0.14730113623047494,0.07995526631891474,0.11425662556611706,0.07059068850402102,0.3155760576609611,0.19072334774035732,5,1450,1450,0.3155760576609611
990001133390205171,3,0.089524857172198,0.046271835844072566,0.14711962118572827,0.11351896364567868,0.16086439822098544,0.3529852042937798,0.08971511963755718,5,1350,1450,0.3529852042937798
990001134580205171,6,0.07793578076053363,0.12173441357335475,0.11629985863605853,0.168881138928152,0.13580458885466284,0.18673002380986148,0.19261419543737673,6,1500,1500,0.19261419543737673
990001169950205171,5,0.06082945462529943,0.08386494491320018,0.05273474910407803,0.2161578122655094,0.234151204190985,0.1645769984631357,0.18768483643779224,4,1450,1400,0.234151204190985
990001204430205171,3,0.037679837551864936,0.15410604734442265,0.08823829646007203,0.17647095693517337,0.1723350547151684,0.2951331231101986,0.07603668388309996,5,1350,1450,0.2951331231101986
990001205140205171,1,0.11322265700520977,0.11364097791945131,0.1800041214420148,0.08282838580231199,0.1691836999523353,0.27522906181885837,0.06589109605981851,5,1250,1450,0.27522906181885837
990001205230205171,6,0.092757950521691,0.1271745158116224,0.2509371188657742,0.0780125955772557,0.22369783442685814,0.1770697452570888,0.05035023953970977,2,1500,1300,0.2509371188657742
990001206250205171,5,0.11948978749451288,0.06439509652171392,0.11684051688076426,0.11951436566444135,0.202856039519691,0.31549628082430325,0.061407913094573364,5,1450,1450,0.31549628082430325
990001206510205171,6,0.05326166466632718,0.10222200962905488,0.20424728857554975,0.11917435569495625,0.27176406976213574,0.18388017712813048,0.06545043454384569,4,1500,1400,0.27176406976213574
990001206670205171,5,0.1110754643528532,0.04912199288842333,0.20027916749867228,0.1259838879681816,0.14349210564396178,0.1847931074557131,0.18525427419219473,2,1450,1300,0.20027916749867228
990001206760205171,4,0.040556395404691796,0.15535187662271632,0.23909561592964412,0.356074497313595,0.10728075039897397,0.06696441897863391,0.034676445351744925,3,1400,1350,0.356074497313595
990001207530205171,6,0.08520193688247468,0.1489676402547608,0.2307404363551197,0.05729961457343467,0.07482583151072195,0.17312654516116519,0.22983799526232296,2,1500,1300,0.2307404363551197
990001207860205171,6,0.13396906683211912,0.29888000068524606,0.1603419016127117,0.11873525124253222,0.09915876651254175,0.12856565260872424,0.06034936050612488,1,1500,1250,0.29888000068524606
990001209710205171,6,0.12847185444214623,0.12073235099959721,0.1809379621274195,0.036434687812922736,0.14443384173326954,0.24521372442436745,0.1437755784602773,5,1500,1450,0.24521372442436745
990001209790205171,6,0.02598926212955931,0.024765791833378733,0.11352751549710868,0.10006083679495363,0.11526603012267275,0.42378991930889093,0.19660064431343588,5,1500,1450,0.42378991930889093
990001209910205171,5,0.07924498965252118,0.08715173277463455,0.08306368966364104,0.1532441602806431,0.11037592588646485,0.32017729772591863,0.16674220401617665,5,1450,1450,0.32017729772591863
990001209940205171,5,0.06585801033631103,0.042548458734821874,0.05981580882024934,0.0952324597268804,0.09044823616435023,0.34661670793188953,0.29948031828549765,5,1450,1450,0.34661670793188953
990001209980205171,6,0.09633487955549416,0.10798368193013477,0.10736249818419803,0.06691650637534856,0.09305321506785173,0.4250209902704099,0.10332822861656281,5,1500,1450,0.4250209902704099
990001211610205171,5,0.052866275301992775,0.0741629757439402,0.12475415975933332,0.14603615242880003,0.32519850445082427,0.23296985452353128,0.04401207779157813,4,1450,1400,0.32519850445082427
990001211670205171,3,0.12519083828513852,0.03174985505492728,0.13628756567241657,0.12468446339333922,0.1241058279937462,0.13859404175137974,0.3193874078490525,6,1350,1500,0.3193874078490525
990001211710205171,3,0.0641596260410549,0.08003085424138207,0.28083760914114153,0.1088274766050754,0.13394580763615085,0.2871667058265251,0.045031920508670165,5,1350,1450,0.2871667058265251
990001211820205171,3,0.07277119252124879,0.07052488132778846,0.3003268912638757,0.12659634391043956,0.12162081601138683,0.19279753696264265,0.11536233800261801,2,1350,1300,0.3003268912638757
990001211930205171,3,0.05649664426487539,0.04096498231645567,0.07645270206093406,0.2954165824350072,0.18561480891272353,0.2405117722031303,0.10454250780687387,3,1350,1350,0.2954165824350072
990001211960205171,3,0.1186211177739546,0.1264599375933609,0.09133143655227893,0.14345787168569468,0.20261467531615412,0.24750693465005227,0.07000802642850447,5,1350,1450,0.24750693465005227
990001212050205171,1,0.12025557378349036,0.20186582076068288,0.10693092543635259,0.046483574187885617,0.12241208380492964,0.2324774425390301,0.1695745794876288,5,1250,1450,0.2324774425390301
990001212100205171,3,0.0494531915355245,0.19776622407799072,0.1789569638209274,0.15063657270462277,0.09860934764622144,0.29124094506989345,0.03333675514481971,5,1350,1450,0.29124094506989345
990001212430205171,3,0.08332945242396772,0.03970891299235063,0.39019991193082115,0.08398338090909084,0.11143704999284525,0.23341141026938367,0.05792988148154074,2,1350,1300,0.39019991193082115
990001212500205171,5,0.0644622765648714,0.18178044137361116,0.09562089899085378,0.11705857121131309,0.2933435374538765,0.16236673872712146,0.08536753567835265,4,1450,1400,0.2933435374538765
990001212630205171,5,0.0510268469769365,0.0393951592726733,0.06936117231088007,0.1567892291084483,0.21143175195008293,0.32649203088221734,0.14550380949876154,5,1450,1450,0.32649203088221734
990001213410205171,4,0.035114027527446454,0.22639953777204969,0.10334753704485002,0.0802468035124452,0.0798822888387346,0.35638070018831464,0.11862910511615937,5,1400,1450,0.35638070018831464
990001218500205171,5,0.07548060877385315,0.13344976749075874,0.29095735023579866,0.14827766458301628,0.11193811460910007,0.190863398456519,0.049033095850954125,2,1450,1300,0.29095735023579866
990001218550205171,5,0.05146132653519278,0.0697182738511525,0.08618064838937162,0.20033370131012046,0.07659879966789325,0.3197536518207601,0.1959535984255093,5,1450,1450,0.3197536518207601
990001218560205171,6,0.06716922956860018,0.027375483875466795,0.053353863427782075,0.1342210077265393,0.09513730200279173,0.5479859457648921,0.07475716763392773,5,1500,1450,0.5479859457648921
990001218590205171,4,0.056568371247353026,0.09089114468239576,0.20968505236822146,0.1740186098940203,0.1047218572770457,0.23842264625473497,0.12569231827622881,5,1400,1450,0.23842264625473497
990001218710205171,5,0.14066295474354232,0.08942997190484939,0.05308851898213078,0.23795156060858264,0.18069691042952915,0.17064941577982423,0.1275206675515415,3,1450,1350,0.23795156060858264
990001219560205171,5,0.056348224140114686,0.21352331540388556,0.1554360688120359,0.10365345904152917,0.06371989871200108,0.3094286044082007,0.09789042948223287,5,1450,1450,0.3094286044082007
990001219910205171,5,0.026036580943041315,0.029601964323031405,0.10703681206766738,0.046157314323742454,0.17502826772842217,0.3441068232618597,0.2720322373522356,5,1450,1450,0.3441068232618597
990001219920205171,5,0.03235008098988014,0.08646476042120739,0.11907997069248477,0.06250670149824746,0.0848807942916848,0.34161913459241205,0.2730985575140834,5,1450,1450,0.34161913459241205
990001220240205171,1,0.04703914070159323,0.12862650119560803,0.062776731291034,0.18551442898889114,0.03881130280146492,0.48419954983450153,0.05303234518690715,5,1250,1450,0.48419954983450153
990001221550205171,5,0.11165301578863017,0.06770268956670526,0.07185134610974299,0.1896187041325007,0.10292560367389367,0.25275726684411004,0.20349137388441715,5,1450,1450,0.25275726684411004
990001222040205171,5,0.04882160070020206,0.05985033683691483,0.07117102090908939,0.05201432191177733,0.09546622660116548,0.37073765121164226,0.3019388418292086,5,1450,1450,0.37073765121164226
990001224890205171,1,0.05596533451614689,0.168094372070469,0.09894801512066793,0.1075902640041781,0.21500825003448323,0.19979922732531696,0.1545945369287379,4,1250,1400,0.21500825003448323
990001229030205171,6,0.03005654661320979,0.06453324073575284,0.04534399841077109,0.047963688040044555,0.12693985118610515,0.3956101937055244,0.2895524813085921,5,1500,1450,0.3956101937055244
990001229940205171,5,0.10905266904776796,0.10009583960942839,0.18003452659997582,0.15129188570000868,0.17500057785010256,0.1673017313254536,0.11722276986726293,2,1450,1300,0.18003452659997582
990001231650205171,6,0.0485347385691177,0.0899373519532287,0.07047828045731165,0.13830899856386802,0.15358872481583982,0.329275182789552,0.1698767228510821,5,1500,1450,0.329275182789552
990001232470205171,2,0.09604782443672591,0.13027148554104578,0.11935554769384327,0.16667337065360016,0.13621682398556265,0.19438441413436702,0.1570505335548552,5,1300,1450,0.19438441413436702
990001233770205171,1,0.113318498036482,0.2056309217977093,0.19004689748693096,0.151317609264721,0.1595095409099846,0.12100283258797603,0.059173699916196115,1,1250,1250,0.2056309217977093
990001249960205171,2,0.06971198097707212,0.07814530552903493,0.08719798892133905,0.05115288481582645,0.2193819021546528,0.4018154415365872,0.09259449606548742,5,1300,1450,0.4018154415365872
990001262930205171,2,0.05046089202503518,0.05916781623109338,0.32521231221009367,0.11685890967833569,0.22218736112477436,0.15863669288074492,0.06747601584992281,2,1300,1300,0.32521231221009367
990001263400205171,0,0.24607409633617183,0.14866140901120534,0.13466398912908628,0.13129745538963516,0.1125005971491858,0.17763061571153183,0.04917183727318375,0,1200,1200,0.24607409633617183
990001265440205171,4,0.05219183374629335,0.2579592821006683,0.17187870002925248,0.17007589289446132,0.08149070705251268,0.16575351104537844,0.1006500731314334,1,1400,1250,0.2579592821006683
990001268660205171,3,0.11170266130685859,0.12162590792944517,0.08651701007279405,0.06053080784569457,0.1613113835783767,0.35339895503239627,0.10491327423443467,5,1350,1450,0.35339895503239627
990001278900205171,1,0.09098675834059851,0.0873157810861211,0.11770871215936035,0.13829111033968297,0.25999962982796704,0.1923295094717173,0.11336849877455273,4,1250,1400,0.25999962982796704
990001283490205171,5,0.09464235620507912,0.056386972983056546,0.11895352123312276,0.11090049762686696,0.100085944016942,0.30631396898595276,0.21271673894897986,5,1450,1450,0.30631396898595276
990001287290205171,1,0.04668328956327264,0.13628142730040196,0.40070367965040105,0.028750550584209313,0.12336464801469607,0.11577762694834937,0.14843877793866964,2,1250,1300,0.40070367965040105
990001287470205171,0,0.09167837112633802,0.26453072534834365,0.0636406299051072,0.05689880047233783,0.1388181441570259,0.2947917150421964,0.089641613948651,5,1200,1450,0.2947917150421964
990001287490205171,1,0.10409543408303469,0.19029735480920806,0.18831739553265212,0.06505856848645536,0.07914768200947013,0.2347224100526295,0.1383611550265501,5,1250,1450,0.2347224100526295
990001287590205171,1,0.197475626562682,0.24449980525871853,0.13809223430843956,0.03256248374462188,0.06734431692928883,0.2421344615616977,0.0778910716345515,1,1250,1250,0.24449980525871853
990001287650205171,2,0.09981664373503916,0.34669644155494217,0.21418353073670524,0.09185737899200422,0.09019000383902259,0.1375722093287271,0.01968379181355953,1,1300,1250,0.34669644155494217
990001287730205171,2,0.10369847955032219,0.27152675741212934,0.1948138181204599,0.09525821433119136,0.0368426770773595,0.26465563728335945,0.03320441622517834,1,1300,1250,0.27152675741212934
990001289150205171,1,0.07347998751566749,0.27429763205212604,0.14049841386715442,0.19593280991353995,0.07821620656875342,0.20759688562731177,0.02997806445544694,1,1250,1250,0.27429763205212604
990001289310205171,4,0.0796061422111135,0.06422565543722557,0.07551864182702459,0.3199671482031254,0.2429767475659414,0.13912947856525168,0.07857618619031789,3,1400,1350,0.3199671482031254
990001289630205171,1,0.0352127772784617,0.2188949130882858,0.3245668484236257,0.12975944408781956,0.12497987655834189,0.08316290924301438,0.08342323132045096,2,1250,1300,0.3245668484236257
990001289680205171,6,0.08472544014583945,0.09232187571787867,0.12702142951152973,0.1956966871302284,0.20785101103631307,0.20543020026186185,0.08695335619634884,4,1500,1400,0.20785101103631307
990001290530205171,3,0.05517207740481864,0.15098023950166017,0.05509737384974004,0.06889606899843824,0.26874380425702904,0.31563159888902736,0.08547883709928648,5,1350,1450,0.31563159888902736
990001291010205171,5,0.03527741207250039,0.07313529202455671,0.07466732898150222,0.3370535578371821,0.12402934065436684,0.22481580301800608,0.13102126541188566,3,1450,1350,0.3370535578371821
990001291060205171,2,0.057577838483411206,0.04292250968289648,0.13072356195276658,0.11249702292234258,0.2602893456879059,0.22829912496732263,0.16769059630335462,4,1300,1400,0.2602893456879059
990001291310205171,5,0.07235112629967692,0.07811255289442666,0.1262817372853552,0.059209855483908884,0.10011521766957139,0.3267748487166212,0.23715466165043972,5,1450,1450,0.3267748487166212
990001291670205171,3,0.0991792786054959,0.04713789562639587,0.095179723316635,0.12035055456976711,0.21465595832278841,0.2043467376859718,0.21914985187294592,6,1350,1500,0.21914985187294592
990001292150205171,2,0.06461576770096525,0.18297599146641033,0.1518230367059345,0.13044319339135493,0.20574545830256954,0.16644729702353678,0.09794925540922865,4,1300,1400,0.20574545830256954
990001292460205171,5,0.15703476423489413,0.06416195188935477,0.16925239010385074,0.1161366609040752,0.18910289131946478,0.22900727749760388,0.0753040640507565,5,1450,1450,0.22900727749760388
990001292870205171,6,0.029543769755670902,0.07483574247255177,0.12652369711051634,0.1441164348827947,0.3366814061339488,0.10551386124664072,0.1827850883978768,4,1500,1400,0.3366814061339488
990001292950205171,1,0.1338092589379877,0.1532199401263665,0.19460359731111673,0.1559602864482067,0.1456269564842533,0.11908145510141717,0.09769850559065187,2,1250,1300,0.19460359731111673
990001292980205171,3,0.09534167722355226,0.08076086753982951,0.2557748886537444,0.14841035071055692,0.07950133621183678,0.2780389991003038,0.06217188056017634,5,1350,1450,0.2780389991003038
990001293040205171,5,0.06307588083781183,0.08642780937619028,0.07853142797404103,0.1238086224099084,0.1711514427279691,0.4021011869753772,0.07490362969870215,5,1450,1450,0.4021011869753772
990001293490205171,5,0.051503652107982384,0.2712514329870289,0.06830272740964134,0.14138827945631322,0.03887280852943581,0.23919426714280434,0.18948683236679398,1,1450,1250,0.2712514329870289
990001293920205171,5,0.13098793690340432,0.07787153627941457,0.10728628585741742,0.10034844571612006,0.20821805137297983,0.3041735041762445,0.07111423969441934,5,1450,1450,0.3041735041762445
990001293980205171,5,0.07456573076660993,0.10916254269868032,0.12290479828489778,0.08286151290436222,0.267134340415271,0.2594461925748563,0.08392488235532242,4,1450,1400,0.267134340415271
990001294730205171,3,0.036450211889249615,0.01983587652047129,0.09192852611909641,0.14497167377121709,0.3010527164372572,0.3200866900198897,0.08567430524281872,5,1350,1450,0.3200866900198897
990001294860205171,5,0.09591100489596509,0.11613278402361767,0.1720847667491252,0.05809439322898915,0.05442233618701223,0.2706888118317135,0.23266590308357712,5,1450,1450,0.2706888118317135
990001295160205171,4,0.0464547159955752,0.043690273405120016,0.15293446850740863,0.32424844579021184,0.17937671552456957,0.19131609442313047,0.06197928635398428,3,1400,1350,0.32424844579021184
990001295370205171,4,0.07738549344526424,0.10435601152931281,0.10739250218867827,0.1765758880187929,0.1821757596666208,0.23857039111600756,0.1135439540353234,5,1400,1450,0.23857039111600756
990001295560205171,4,0.22009600818822223,0.224335462725962,0.12258249616798994,0.11718715989904205,0.10355734501470865,0.11926627496524038,0.0929752530388348,1,1400,1250,0.224335462725962
990001297510205171,6,0.0656520735135594,0.04284593680952626,0.0705488830936168,0.15071921749874648,0.24884811295820758,0.1650725617007657,0.2563132144255778,6,1500,1500,0.2563132144255778
990001297660205171,5,0.16403823500703607,0.2884637463484283,0.09785903043994082,0.06342286898497398,0.07292386526649462,0.1982174084164778,0.11507484553664836,1,1450,1250,0.2884637463484283
990001299670205171,4,0.04696612890780044,0.07594355784867807,0.1492029511861714,0.24913218258223924,0.15451767343819175,0.21449114840762523,0.10974635762929387,3,1400,1350,0.24913218258223924
990001299930205171,4,0.13357451325498365,0.04921343250295373,0.034730278381261595,0.26845854042513473,0.10688522437286149,0.35290688022950256,0.05423113083330223,5,1400,1450,0.35290688022950256
990001300390205171,3,0.060702375699600165,0.14613923061455686,0.08295228267733284,0.04761862535880699,0.3932630703650104,0.2086233785147371,0.06070103676995558,4,1350,1400,0.3932630703650104
990001300420205171,5,0.08510673184990453,0.13563027001765207,0.03854356059442461,0.11859216585041064,0.21681819911674846,0.2502985217235702,0.15501055084728949,5,1450,1450,0.2502985217235702
990001304830205171,4,0.04096132168787769,0.08077714127358923,0.19228963382592867,0.1336683308611215,0.18621906087193463,0.26960952479497313,0.09647498668457516,5,1400,1450,0.26960952479497313
990001305140205171,5,0.034100099748871106,0.024446147141248386,0.025788285112761485,0.026051793267654652,0.08171623799636879,0.7543742964826009,0.05352314025049466,5,1450,1450,0.7543742964826009
990001305510205171,4,0.0841327108872884,0.2192609887985777,0.1890455314271252,0.10788837779965135,0.12700514279867892,0.12374443606501412,0.14892281222366432,1,1400,1250,0.2192609887985777
990001306000205171,4,0.08886666487880973,0.14399475098934558,0.07250429957731779,0.07821038756442647,0.12449435337757989,0.3542344461898705,0.13769509742265013,5,1400,1450,0.3542344461898705
990001306390205171,6,0.1346923581749367,0.08314885984165019,0.05691791323559164,0.15707824099909187,0.14737102073035485,0.2732590937352868,0.14753251328308795,5,1500,1450,0.2732590937352868
990001306480205171,3,0.08429655316808099,0.09963408269661927,0.12785202282510572,0.08405759877927052,0.188229056921288,0.31558967062125975,0.10034101498837575,5,1350,1450,0.31558967062125975
990001306740205171,5,0.06022304958436785,0.08135698006160513,0.049401464366452714,0.16934955900512746,0.2723936187577214,0.2300271387185275,0.1372481895061979,4,1450,1400,0.2723936187577214
990001307210205171,5,0.0601783808264924,0.0693881417515986,0.09670975534514409,0.08148024747697163,0.16074476249919578,0.4323915649063008,0.0991071471942967,5,1450,1450,0.4323915649063008
990001307380205171,5,0.09580322455740568,0.09140381821706102,0.08922401861821681,0.12440532764125478,0.27479303982957964,0.20471023536969063,0.11966033576679147,4,1450,1400,0.27479303982957964
990001308040205171,2,0.0521989347343757,0.17697353478080874,0.29343039383624364,0.2655187623703341,0.06441831698296811,0.06384166904578445,0.08361838824948521,2,1300,1300,0.29343039383624364
990001315830205171,5,0.1085460797922258,0.08558456825371652,0.07726384380410355,0.12569511439137426,0.14650683753066854,0.24136243534279497,0.21504112088511637,5,1450,1450,0.24136243534279497
990001316030205171,5,0.094946670004976,0.09215960113634142,0.14824978220363763,0.09112342558679302,0.26116002465548555,0.09471123977518286,0.2176492566375835,4,1450,1400,0.26116002465548555
990001316210205171,5,0.04695944682438752,0.03540163436648879,0.03903802895852036,0.014610166146276084,0.058545088377201404,0.7180827179295874,0.08736291739753829,5,1450,1450,0.7180827179295874
990001316750205171,5,0.06421549209131426,0.0608418709535433,0.12168611416846081,0.13263241097058254,0.16257564413745704,0.21993851643335205,0.23810995124529,6,1450,1500,0.23810995124529
990001316880205171,5,0.048584197198378656,0.022266759810799074,0.05579745927846073,0.05990902582524244,0.13485428657814122,0.5773352911071931,0.10125298020178475,5,1450,1450,0.5773352911071931
990001318890205171,5,0.1443271225549923,0.03701454684993824,0.1507892339747776,0.12835698506731036,0.15595987484542836,0.3347484306525598,0.048803806054993355,5,1450,1450,0.3347484306525598
990001320770205171,5,0.08857979780771286,0.2606368204085076,0.0818969753682684,0.1858996665774559,0.0997829916808927,0.2151078685801589,0.06809587957700358,1,1450,1250,0.2606368204085076
990001321000205171,5,0.1247586483285661,0.27513209513154613,0.12056178005819775,0.09171755270992704,0.14715477828117113,0.14427534103234987,0.09639980445824194,1,1450,1250,0.27513209513154613
990001321600205171,4,0.11864687451680675,0.0621126979422028,0.15547188758003014,0.15966705183685315,0.18107046694837692,0.1535545426081063,0.16947647856762393,4,1400,1400,0.18107046694837692
990001324280205171,5,0.056230243003312266,0.09754358902072706,0.11997364766996153,0.21049034533702496,0.28475372839736984,0.10066040442799853,0.13034804214360582,4,1450,1400,0.28475372839736984
990001377020205171,0,0.11250092605654531,0.08499722550556145,0.10959388248750308,0.09809831304418644,0.26256225771804576,0.17055001383234847,0.16169738135580958,4,1200,1400,0.26256225771804576
990001377150205171,4,0.0836213374550373,0.06680856416827105,0.10240171359134717,0.12474793800003409,0.18496514854132604,0.27506379574465467,0.16239150249932968,5,1400,1450,0.27506379574465467
990001378970205171,5,0.0665208389247969,0.10956542507748526,0.10319690939318546,0.029879604030332782,0.14840099853358407,0.30296536844582694,0.23947085559478856,5,1450,1450,0.30296536844582694
990001490620205171,5,0.04871047207562668,0.06330970754913669,0.03462525178823574,0.1302126272126654,0.27902269748025554,0.20097525253954562,0.24314399135453435,4,1450,1400,0.27902269748025554
990001509500205171,5,0.058887301615692014,0.09166164830661726,0.06310646031339905,0.14192218147721863,0.3361657477994957,0.2580496134662924,0.05020704702128489,4,1450,1400,0.3361657477994957
990001674310205171,4,0.052346867789823566,0.07103724669131015,0.13183229716391545,0.1068347663959512,0.44000415339611565,0.1182588103543113,0.0796858582085727,4,1400,1400,0.44000415339611565
990001691920205171,4,0.08030113673598654,0.04425419304479334,0.22954787455765907,0.17704101391407612,0.15034226636949993,0.2369464057549417,0.08156710962304331,5,1400,1450,0.2369464057549417
990001692130205171,2,0.04606072157995198,0.1279855041126366,0.12589339322015733,0.23655708963639022,0.17013049332053498,0.09667859017241859,0.1966942079579103,3,1300,1350,0.23655708963639022
990001692620205171,2,0.07448636320969185,0.09163872539956998,0.23001225848264778,0.22071484229060187,0.12819468866715722,0.17783938684376518,0.0771137351065661,2,1300,1300,0.23001225848264778
990001693480205171,6,0.0910551889755822,0.10065884652109235,0.030519259209856323,0.13711111577491436,0.14053485699532786,0.2968505100347224,0.20327022248850446,5,1500,1450,0.2968505100347224
990001693730205171,4,0.06607888167310982,0.038724877533511004,0.03534111310813957,0.11912311953385704,0.12126918129251933,0.5263386374410114,0.09312418941785193,5,1400,1450,0.5263386374410114
990001694100205171,5,0.06365270378746919,0.054275260530884356,0.22736969459872838,0.08085761690125352,0.15065694829835774,0.34512303571542063,0.07806474016788616,5,1450,1450,0.34512303571542063
990001694440205171,5,0.036296072006776,0.10430816625500368,0.02974072131473357,0.12199333053987292,0.12052641728894084,0.3300920690023328,0.2570432235923402,5,1450,1450,0.3300920690023328
990001728710205171,2,0.106008606929052,0.19563782324496726,0.07577683872048017,0.10982604953045567,0.1603311703742997,0.2957994087730977,0.0566201024276475,5,1300,1450,0.2957994087730977
990001728760205171,1,0.14778443991866294,0.27283565688379025,0.06447377656714653,0.07513690258757076,0.1608418344606515,0.1573950790766009,0.12153231050557711,1,1250,1250,0.27283565688379025
990001728860205171,0,0.17314397585259475,0.09589384945852865,0.12554995530533017,0.06756368915799943,0.1595782786715082,0.2677200611277452,0.11055019042629358,5,1200,1450,0.2677200611277452
990001737390205171,2,0.09815910736675855,0.0814346859235952,0.13978576114156127,0.0661985033624754,0.13280682379897357,0.3537070755415517,0.1279080428650843,5,1300,1450,0.3537070755415517
990001745740205171,5,0.09603917628161483,0.07841455520130297,0.10585561650230176,0.29287492639595253,0.06813046216004696,0.1914259667643133,0.16725929669446762,3,1450,1350,0.29287492639595253
990001750580205171,5,0.0774637050865402,0.0784887321535804,0.18250577076369887,0.09917907484822054,0.11281135173292837,0.11924504333708724,0.3303063220779444,6,1450,1500,0.3303063220779444
990001752090205171,5,0.11464016623525715,0.049456069013102455,0.1118411385015633,0.08905680862058617,0.18410990460702664,0.313878939867015,0.13701697315544933,5,1450,1450,0.313878939867015
990001753280205171,4,0.10396396350204128,0.13695994028964872,0.05774288800748988,0.05314003315837384,0.11001868404104263,0.30536412400449264,0.232810366996911,5,1400,1450,0.30536412400449264
990001754270205171,5,0.16073044016924545,0.0736534083108934,0.09919462591170383,0.05841272111771624,0.10188651068191172,0.3521320003285942,0.1539902934799352,5,1450,1450,0.3521320003285942
990001754460205171,5,0.11627329258956033,0.15349729710083398,0.06953488628191001,0.15420293721194858,0.1201607409976263,0.17034544857843412,0.21598539723968668,6,1450,1500,0.21598539723968668
990001794030205171,6,0.05810193718532432,0.10405810204426405,0.15218786174752588,0.1231069976602707,0.2278484102014873,0.15066754158327064,0.1840291495778571,4,1500,1400,0.2278484102014873
990001810420205171,4,0.07388287806743019,0.04411501650352248,0.0715045130181558,0.42519945133695997,0.17172094830859677,0.1622831210461509,0.05129407171918388,3,1400,1350,0.42519945133695997
990001816410205171,3,0.09942473038230823,0.24938846032061085,0.08523864948843447,0.03753373878098405,0.09256785732768291,0.34248096712063636,0.09336559657934311,5,1350,1450,0.34248096712063636
990001816710205171,3,0.11287640549786442,0.1691267663826727,0.22217473551560896,0.06282662452956927,0.1264717907834736,0.15725143364477712,0.1492722436460339,2,1350,1300,0.22217473551560896
990001816780205171,6,0.1237900014633076,0.0797452240085074,0.09186707207608488,0.11269459140424656,0.11329769817183939,0.28393669809210226,0.1946687147839119,5,1500,1450,0.28393669809210226
990001817520205171,3,0.06347125871410411,0.08522221253370738,0.3529520019516872,0.06551709092384067,0.07770847189049353,0.22269949143280993,0.1324294725533572,2,1350,1300,0.3529520019516872
990001821220205171,2,0.0578715609510153,0.06194706971000075,0.14450285556684636,0.18372542948140264,0.28355785067288264,0.12217937606930702,0.1462158575485453,4,1300,1400,0.28355785067288264
990001821420205171,2,0.02448244905234848,0.07338091479989547,0.22194054018162898,0.2725731324766225,0.08987163970285834,0.14040915109805074,0.17734217268859542,3,1300,1350,0.2725731324766225
990001845620205171,6,0.0793792486366278,0.09922827701451489,0.10746488329696813,0.20561849956349662,0.11574444725517152,0.23507298045792457,0.15749166377529647,5,1500,1450,0.23507298045792457
990001884810205171,5,0.065833242170444,0.11500782092208221,0.17138573970527304,0.11699894813069962,0.15317479414822585,0.28535642284621526,0.09224303207706001,5,1450,1450,0.28535642284621526
990001905650205171,4,0.09203350466971681,0.07654176068612002,0.15189346324757375,0.07110164124387555,0.17005790378628258,0.17305455794763758,0.2653171684187937,6,1400,1500,0.2653171684187937
990001906010205171,2,0.11076900587766066,0.20041291291027782,0.05364864322703879,0.05595676610599073,0.0622556980317424,0.3032739363388636,0.213683037508426,5,1300,1450,0.3032739363388636
990001909760205171,4,0.10798973153255949,0.0573139893347878,0.12920455971056477,0.10509362382223289,0.12624125886766077,0.4130681266768738,0.06108871005532047,5,1400,1450,0.4130681266768738
990001915260205171,3,0.07570049397937229,0.09270425580705473,0.14646246906252736,0.2773265920673166,0.11375767598217358,0.1494924719733851,0.1445560411281704,3,1350,1350,0.2773265920673166
990001915520205171,5,0.04891725624657564,0.10950737798228931,0.07700696976907762,0.10539346187930873,0.10142671543155378,0.2216246170404715,0.33612360165072347,6,1450,1500,0.33612360165072347
990001916810205171,4,0.11049043935902998,0.1625223025042083,0.05240061970300444,0.24004796045845672,0.153146366524137,0.18369221096288907,0.09770010048827446,3,1400,1350,0.24004796045845672
990001916930205171,5,0.1316802326852212,0.10767801374082155,0.05732558022784419,0.2109247369842852,0.09461684307012284,0.31016123022159336,0.08761336307011164,5,1450,1450,0.31016123022159336
990001978630205171,1,0.10400879156821775,0.09213572570922306,0.09030881086495945,0.0972833626813598,0.34490459412124025,0.19872650398773367,0.07263221106726604,4,1250,1400,0.34490459412124025
990001980350205171,6,0.038684958876847815,0.06480328465986367,0.08782328916693828,0.09741593208982904,0.10486351481465102,0.22790652822349514,0.37850249216837506,6,1500,1500,0.37850249216837506
990002096790205171,5,0.08039226448186723,0.060721220439678626,0.03154570121545509,0.16411393059580945,0.13898422370226146,0.22049495265103822,0.3037477069138899,6,1450,1500,0.3037477069138899
990026836920205171,4,0.157434260392044,0.059557084775934375,0.14058080437634662,0.07293049141530927,0.13160721352909044,0.38536223576572093,0.05252790974555437,5,1400,1450,0.38536223576572093
