manuscript_id,is_oriental,evaluable,split,cv_fold
990000445600205171,0,True,train,3
990000447350205171,0,True,test,-1
990000462310205171,0,True,train,0
990000463170205171,0,True,train,1
990000463230205171,0,True,train,1
990000532150205171,0,True,train,1
990000532270205171,0,True,train,1
990000532390205171,0,True,train,3
990000532400205171,0,True,test,-1
990000532450205171,0,True,train,2
990000543280205171,0,True,train,1
990000544260205171,0,True,train,0
990000545720205171,0,True,train,2
990000546840205171,0,True,test,-1
990000548920205171,0,True,test,-1
990000549100205171,0,True,train,1
990000559250205171,0,True,train,1
990000560840205171,0,True,train,2
990000561260205171,0,True,train,1
990000562150205171,0,True,train,0
990000563300205171,0,True,test,-1
990000568750205171,0,True,test,-1
990000569000205171,0,True,train,3
990000569070205171,0,True,train,2
990000577210205171,0,True,train,2
990000578170205171,0,True,train,4
990000578830205171,0,True,test,-1
990000587830205171,0,True,test,-1
990000588970205171,0,True,train,4
990000589100205171,0,True,train,3
990000592890205171,0,True,train,2
990000593700205171,0,True,train,2
990000598540205171,0,True,test,-1
990000606470205171,0,True,train,0
990000609110205171,0,True,test,-1
990000612610205171,0,True,test,-1
990000621360205171,0,True,test,-1
990000621450205171,0,True,test,-1
990000621880205171,0,True,train,1
990000623790205171,0,True,train,4
990000626140205171,0,True,test,-1
990000628890205171,0,True,train,4
990000629920205171,0,True,train,4
990000637930205171,0,True,train,2
990000639170205171,0,True,train,4
990000639670205171,0,True,train,4
990000649290205171,1,True,test,-1
990000656660205171,0,True,train,3
990000657900205171,0,True,train,3
990000658650205171,0,True,train,0
990000659330205171,0,True,train,2
990000660930205171,0,True,train,3
990000661230205171,0,True,train,3
990000661240205171,0,True,test,-1
990000661270205171,0,True,test,-1
990000661280205171,0,True,train,4
990000672550205171,0,True,train,1
990000672670205171,1,True,train,1
990000673320205171,0,True,train,3
990000675310205171,0,True,train,2
990000677980205171,0,True,train,3
990000678070205171,0,True,train,4
990000678380205171,0,True,train,4
990000678940205171,0,True,train,2
990000679400205171,0,True,train,0
990000680130205171,0,True,train,0
990000681130205171,0,True,test,-1
990000681420205171,0,True,train,4
990000684470205171,0,True,train,0
990000685220205171,0,True,train,2
990000686230205171,1,True,train,0
990000687070205171,0,True,train,4
990000687640205171,0,True,train,4
990000687730205171,1,True,train,4
990000687750205171,0,True,train,0
990000688240205171,0,True,train,0
990000688460205171,0,True,train,1
990000688980205171,0,True,train,4
990000689050205171,0,True,train,0
990000689080205171,0,True,train,1
990000689170205171,0,True,train,4
990000689440205171,0,True,train,2
990000689930205171,0,True,train,3
990000689940205171,0,True,train,0
990000689990205171,0,True,test,-1
990000690020205171,0,True,train,4
990000690030205171,0,True,train,0
990000690060205171,0,True,train,0
990000690330205171,0,True,train,1
990000690440205171,0,True,test,-1
990000691610205171,0,True,train,1
990000691620205171,0,True,test,-1
990000693030205171,0,True,train,2
990000693620205171,0,True,train,4
990000693640205171,0,True,train,4
990000693650205171,0,True,test,-1
990000693660205171,0,True,train,3
990000694860205171,0,True,train,3
990000695370205171,0,True,train,2
990000695600205171,0,True,test,-1
990000695610205171,0,True,train,3
990000699560205171,0,True,train,2
990000699580205171,0,True,test,-1
990000700010205171,0,True,train,1
990000703450205171,0,True,train,2
990000703580205171,0,True,train,2
990000703650205171,0,True,train,2
990000703870205171,0,True,test,-1
990000704780205171,0,True,train,0
990000704810205171,0,True,train,0
990000704820205171,0,True,train,4
990000704830205171,0,True,train,1
990000704860205171,0,True,train,4
990000704920205171,0,True,train,0
990000704990205171,0,True,train,4
990000705000205171,1,True,test,-1
990000706530205171,0,True,test,-1
990000706710205171,1,True,train,4
990000706730205171,0,True,test,-1
990000706800205171,0,True,train,2
990000707360205171,0,True,train,4
990000707370205171,0,True,train,3
990000707390205171,0,True,train,3
990000707410205171,0,True,train,2
990000707420205171,0,True,train,3
990000707450205171,0,True,test,-1
990000707480205171,0,True,train,0
990000707500205171,0,True,test,-1
990000707530205171,0,True,test,-1
990000707570205171,1,True,train,2
990000707580205171,0,True,test,-1
990000707590205171,0,True,train,0
990000707650205171,0,True,train,3
990000707690205171,0,True,train,4
990000707700205171,0,True,train,4
990000707720205171,0,True,train,4
990000707740205171,0,True,test,-1
990000707760205171,0,True,test,-1
990000707780205171,0,True,train,3
990000707790205171,0,True,train,4
990000707840205171,0,True,train,0
990000707890205171,0,True,test,-1
990000707960205171,0,True,train,1
990000707970205171,0,True,train,4
990000707980205171,0,True,train,0
990000708080205171,0,True,train,1
990000710530205171,0,True,train,2
990000721900205171,0,True,train,4
990000721930205171,0,True,train,0
990000722140205171,0,True,train,3
990000722960205171,0,True,test,-1
990000724440205171,0,True,train,3
990000724450205171,0,True,train,3
990000726040205171,0,True,test,-1
990000726390205171,0,True,test,-1
990000726540205171,0,True,train,1
990000726630205171,0,True,train,3
990000727130205171,0,True,test,-1
990000727170205171,0,True,test,-1
990000727190205171,0,True,test,-1
990000727230205171,0,True,train,3
990000727240205171,0,True,train,2
990000727370205171,0,True,train,0
990000727650205171,1,True,train,3
990000727920205171,0,True,train,4
990000727950205171,0,True,train,1
990000728000205171,0,True,train,1
990000728040205171,0,True,test,-1
990000728140205171,0,True,test,-1
990000728210205171,0,True,test,-1
990000728260205171,0,True,test,-1
990000728270205171,0,True,train,0
990000728330205171,0,True,train,3
990000728420205171,1,True,test,-1
990000728540205171,0,True,train,2
990000729840205171,0,True,test,-1
990000732500205171,1,True,train,4
990000732780205171,0,True,train,3
990000734390205171,0,True,train,1
990000734510205171,0,True,train,0
990000734710205171,0,True,test,-1
990000734930205171,0,True,train,1
990000734990205171,0,True,train,4
990000736370205171,0,True,train,2
990000736440205171,0,True,train,4
990000736450205171,0,True,train,2
990000736470205171,0,True,train,2
990000736480205171,0,True,train,4
990000736500205171,0,True,train,2
990000736520205171,1,True,test,-1
990000736640205171,0,True,train,0
990000737540205171,0,True,train,4
990000737830205171,0,True,train,0
990000737990205171,0,True,train,1
990000739520205171,0,True,test,-1
990000741550205171,0,True,train,4
990000742770205171,0,True,train,4
990000747940205171,0,True,test,-1
990000748790205171,0,True,test,-1
990000749470205171,0,True,train,0
990000751130205171,0,True,test,-1
990000751260205171,0,True,train,2
990000751310205171,0,True,train,2
990000751360205171,0,True,train,4
990000752070205171,0,True,train,1
990000752150205171,0,True,test,-1
990000752390205171,0,True,train,3
990000754560205171,0,True,train,4
990000755060205171,0,True,test,-1
990000755070205171,0,True,train,3
990000757130205171,0,True,train,0
990000757140205171,0,True,test,-1
990000757750205171,0,True,test,-1
990000758120205171,0,True,test,-1
990000763540205171,0,True,train,2
990000766310205171,1,True,train,3
990000766410205171,0,True,train,4
990000766560205171,0,True,test,-1
990000766580205171,0,True,test,-1
990000766860205171,0,True,test,-1
990000766880205171,0,True,train,4
990000769450205171,0,True,train,2
990000770380205171,0,True,train,0
990000772600205171,0,True,train,0
990000772810205171,0,True,train,3
990000772850205171,1,True,train,4
990000773330205171,0,True,train,3
990000773360205171,0,True,train,1
990000773370205171,0,True,train,1
990000773650205171,0,True,test,-1
990000773740205171,0,True,train,0
990000773800205171,0,True,train,4
990000773840205171,0,True,test,-1
990000774430205171,0,True,train,3
990000774850205171,0,True,train,0
990000775380205171,0,True,train,4
990000777140205171,0,True,train,3
990000777180205171,1,True,train,4
990000777210205171,0,True,test,-1
990000777230205171,0,True,test,-1
990000777270205171,0,True,test,-1
990000777330205171,0,True,train,2
990000777340205171,0,True,train,3
990000777410205171,0,True,test,-1
990000778570205171,0,True,test,-1
990000778820205171,1,True,test,-1
990000778830205171,0,True,train,2
990000779480205171,0,True,test,-1
990000779490205171,0,True,test,-1
990000779660205171,0,True,train,1
990000780040205171,0,True,train,1
990000782580205171,0,True,train,4
990000782780205171,0,True,train,0
990000785270205171,0,True,train,3
990000785330205171,0,True,train,2
990000787470205171,0,True,test,-1
990000787490205171,0,True,test,-1
990000787510205171,0,True,test,-1
990000787570205171,0,True,train,1
990000787760205171,0,True,train,1
990000787770205171,0,True,train,2
990000787820205171,0,True,test,-1
990000787840205171,0,True,train,2
990000787860205171,1,True,train,2
990000787890205171,0,True,train,3
990000787980205171,0,True,train,1
990000788450205171,0,True,train,4
990000792230205171,1,True,train,3
990000792280205171,0,True,train,0
990000792300205171,0,True,test,-1
990000792400205171,1,True,train,0
990000792820205171,1,True,train,2
990000793210205171,0,True,test,-1
990000793620205171,0,True,train,3
990000794040205171,0,True,train,1
990000794500205171,0,True,train,2
990000794560205171,0,True,train,1
990000794690205171,0,True,test,-1
990000794700205171,0,True,train,1
990000796010205171,0,True,train,0
990000796020205171,0,True,train,4
990000796120205171,0,True,test,-1
990000796700205171,0,True,train,0
990000800070205171,0,True,train,0
990000800080205171,0,True,train,0
990000800540205171,0,True,train,2
990000805670205171,0,True,test,-1
990000806040205171,0,True,train,2
990000806050205171,0,True,test,-1
990000806130205171,0,True,train,1
990000806140205171,0,True,train,3
990000806310205171,0,True,train,0
990000806340205171,0,True,train,3
990000806580205171,0,True,train,1
990000806630205171,0,True,train,1
990000806640205171,0,True,test,-1
990000806770205171,0,True,train,0
990000808690205171,0,True,train,2
990000808710205171,0,True,test,-1
990000808720205171,0,True,train,1
990000808730205171,0,True,train,4
990000809480205171,0,True,test,-1
990000809780205171,0,True,test,-1
990000809800205171,0,True,train,3
990000810060205171,0,True,train,4
990000810580205171,0,True,train,0
990000810610205171,0,True,train,3
990000811450205171,0,True,test,-1
990000813960205171,0,True,train,3
990000814110205171,0,True,train,0
990000814240205171,0,True,train,3
990000814260205171,1,True,train,3
990000814280205171,0,True,train,0
990000814290205171,0,True,test,-1
990000814330205171,0,True,train,2
990000815470205171,0,True,test,-1
990000816630205171,1,True,test,-1
990000817090205171,0,True,train,3
990000819890205171,0,True,test,-1
990000819900205171,0,True,train,0
990000819910205171,0,True,train,2
990000820410205171,0,True,train,1
990000820440205171,0,True,train,0
990000820910205171,0,True,train,3
990000821020205171,0,True,test,-1
990000821540205171,0,True,train,1
990000821580205171,0,True,train,2
990000821620205171,0,True,train,0
990000821800205171,0,True,train,2
990000822090205171,0,True,train,2
990000822180205171,0,True,train,2
990000822190205171,0,True,train,4
990000825100205171,0,True,train,2
990000825110205171,0,True,train,0
990000827000205171,0,True,train,4
990000827010205171,0,True,train,0
990000827940205171,1,True,train,2
990000828140205171,0,True,test,-1
990000828190205171,1,True,test,-1
990000828220205171,0,True,train,2
990000828270205171,0,True,test,-1
990000828630205171,0,True,train,0
990000829920205171,0,True,train,1
990000829990205171,0,True,train,2
990000830360205171,0,True,train,2
990000832490205171,0,True,train,1
990000833030205171,0,True,train,1
990000833910205171,1,True,train,4
990000833930205171,0,True,train,3
990000833940205171,0,True,test,-1
990000834050205171,1,True,train,3
990000834070205171,0,True,train,4
990000834690205171,0,True,train,0
990000834970205171,0,True,train,0
990000835230205171,0,True,train,1
990000835420205171,0,True,test,-1
990000836060205171,0,True,train,2
990000836520205171,0,True,train,2
990000836700205171,0,True,train,4
990000836740205171,0,True,train,0
990000836750205171,0,True,train,0
990000836760205171,0,True,train,0
990000837280205171,0,True,test,-1
990000837290205171,0,True,train,2
990000837360205171,1,True,train,1
990000837770205171,1,True,train,2
990000837800205171,0,True,test,-1
990000838070205171,0,True,train,2
990000838550205171,0,True,train,4
990000838680205171,0,True,train,4
990000842960205171,0,True,test,-1
990000843260205171,0,True,train,1
990000843440205171,0,True,test,-1
990000843450205171,0,True,train,3
990000843540205171,0,True,test,-1
990000844280205171,0,True,test,-1
990000844560205171,0,True,train,2
990000844620205171,0,True,train,3
990000845670205171,0,True,train,3
990000848330205171,1,True,train,1
990000849470205171,0,True,train,2
990000849490205171,0,True,train,1
990000852320205171,0,True,train,0
990000852330205171,0,True,train,3
990000852360205171,0,True,train,1
990000853820205171,0,True,train,0
990000854110205171,0,True,test,-1
990000856070205171,0,True,train,0
990000858570205171,0,True,train,3
990000858630205171,0,True,train,2
990000860230205171,0,True,train,1
990000862400205171,0,True,train,3
990000862440205171,0,True,test,-1
990000862450205171,0,True,train,4
990000864830205171,1,True,test,-1
990000866700205171,0,True,train,1
990000869740205171,0,True,train,3
990000871750205171,0,True,train,2
990000871760205171,0,True,train,1
990000871790205171,0,True,train,3
990000871830205171,0,True,train,2
990000871850205171,0,True,train,3
990000871860205171,0,True,test,-1
990000880930205171,0,True,test,-1
990000881310205171,1,True,train,3
990000881330205171,0,True,train,1
990000881340205171,0,True,test,-1
990000881360205171,0,True,train,3
990000881400205171,0,True,test,-1
990000883510205171,1,True,test,-1
990000884170205171,0,True,test,-1
990000886270205171,0,True,train,4
990000889850205171,0,True,train,1
990000890200205171,0,True,train,1
990000890250205171,0,True,train,3
990000890970205171,1,True,train,1
990000891380205171,1,True,train,0
990000891760205171,0,True,test,-1
990000892890205171,0,True,test,-1
990000894070205171,0,True,test,-1
990000894080205171,0,True,test,-1
990000894090205171,0,True,train,4
990000896540205171,0,True,train,0
990000896600205171,0,True,train,2
990000897110205171,0,True,test,-1
990000897160205171,1,True,train,1
990000899950205171,1,True,train,2
990000900750205171,0,True,test,-1
990000908000205171,0,True,train,3
990000908210205171,0,True,train,0
990000909300205171,0,True,train,0
990000909450205171,0,True,train,1
990000911150205171,0,True,test,-1
990000911600205171,0,True,train,0
990000911710205171,0,True,train,3
990000911720205171,0,True,test,-1
990000911900205171,0,True,test,-1
990000912190205171,0,True,test,-1
990000912270205171,0,True,test,-1
990000912300205171,0,True,train,0
990000912570205171,0,True,train,2
990000912700205171,0,True,test,-1
990000912720205171,0,True,train,4
990000913280205171,0,True,train,4
990000914110205171,0,True,train,4
990000914320205171,0,True,test,-1
990000914330205171,0,True,train,3
990000914350205171,0,True,train,0
990000914510205171,0,True,train,2
990000914710205171,0,True,test,-1
990000914740205171,0,True,test,-1
990000914750205171,0,True,train,0
990000915440205171,0,True,train,0
990000918660205171,0,True,test,-1
990000919160205171,0,True,test,-1
990000922170205171,0,True,train,1
990000923820205171,0,True,test,-1
990000926110205171,0,True,train,4
990000926150205171,0,True,train,3
990000926700205171,0,True,train,2
990000926720205171,1,True,test,-1
990000926740205171,0,True,train,1
990000926790205171,1,True,test,-1
990000926860205171,0,True,train,3
990000926870205171,0,True,train,3
990000927290205171,1,True,train,0
990000930550205171,1,True,train,0
990000935270205171,0,True,train,1
990000935470205171,1,True,test,-1
990000936860205171,0,True,train,3
990000937620205171,0,True,train,3
990000938130205171,0,True,train,1
990000940930205171,0,True,train,2
990000940950205171,0,True,train,4
990000940960205171,0,True,train,0
990000940970205171,0,True,train,3
990000940980205171,0,True,train,1
990000940990205171,0,True,test,-1
990000944510205171,1,True,test,-1
990000948830205171,0,True,test,-1
990000952000205171,0,True,train,2
990000955190205171,0,True,train,3
990000955240205171,0,True,test,-1
990000957170205171,1,True,train,3
990000957650205171,0,True,train,2
990000958240205171,0,True,train,2
990000958290205171,0,True,train,4
990000958350205171,1,True,train,0
990000973410205171,0,True,train,4
990000986850205171,0,True,train,2
990000987980205171,0,True,train,2
990000991390205171,0,True,train,0
990000995740205171,0,True,train,1
990000996160205171,0,True,train,0
990000997940205171,0,True,train,1
990000997950205171,1,True,train,0
990000998670205171,0,True,test,-1
990001002090205171,0,True,train,3
990001002860205171,0,True,train,4
990001004470205171,0,True,test,-1
990001011300205171,0,True,train,4
990001012640205171,0,True,train,4
990001012650205171,0,True,train,4
990001012760205171,0,True,test,-1
990001013240205171,0,True,test,-1
990001013670205171,0,True,train,1
990001013680205171,0,True,train,1
990001014520205171,0,True,test,-1
990001023370205171,0,True,train,0
990001023920205171,1,True,train,3
990001025070205171,0,True,train,3
990001025240205171,0,True,test,-1
990001027930205171,0,True,train,3
990001037710205171,0,True,train,3
990001037760205171,0,True,test,-1
990001043460205171,0,True,train,1
990001049550205171,0,True,test,-1
990001050030205171,0,True,test,-1
990001052560205171,0,True,train,1
990001059030205171,0,True,test,-1
990001059050205171,0,True,train,4
990001071670205171,0,True,train,2
990001071750205171,0,True,train,0
990001071870205171,0,True,train,0
990001071880205171,0,True,train,2
990001071910205171,0,True,test,-1
990001072000205171,0,True,train,1
990001072110205171,0,True,train,0
990001072240205171,0,True,train,3
990001072390205171,0,True,test,-1
990001077550205171,0,True,train,1
990001083680205171,0,True,train,1
990001090380205171,0,True,train,1
990001090480205171,0,True,test,-1
990001090540205171,0,True,train,0
990001090550205171,0,True,train,4
990001090670205171,0,True,train,0
990001090830205171,0,True,test,-1
990001091040205171,0,True,train,0
990001091110205171,0,True,train,4
990001091220205171,0,True,train,1
990001091280205171,0,True,test,-1
990001091390205171,0,True,train,1
990001091400205171,0,True,train,0
990001111140205171,0,True,train,4
990001111860205171,0,True,train,2
990001111980205171,0,True,train,4
990001112040205171,0,True,test,-1
990001112050205171,0,True,test,-1
990001112520205171,0,True,train,2
990001112600205171,1,True,test,-1
990001117530205171,1,True,train,1
990001117900205171,0,True,test,-1
990001118330205171,0,True,train,1
990001118560205171,0,True,train,3
990001118630205171,0,True,test,-1
990001118640205171,0,True,test,-1
990001118650205171,0,True,test,-1
990001118690205171,0,True,train,0
990001118700205171,0,True,train,1
990001118710205171,0,True,train,3
990001118720205171,0,True,train,4
990001118730205171,0,True,train,2
990001118950205171,1,True,train,2
990001124770205171,0,True,train,1
990001127090205171,0,True,train,2
990001128140205171,0,True,train,3
990001128750205171,0,True,train,0
990001129210205171,0,True,test,-1
990001132420205171,0,True,train,3
990001133380205171,0,True,train,4
990001133390205171,0,True,train,4
990001133400205171,0,True,test,-1
990001133410205171,0,True,train,4
990001134580205171,0,True,train,2
990001135460205171,0,True,train,1
990001135720205171,0,True,train,3
990001169610205171,0,True,train,1
990001169950205171,0,True,train,1
990001174210205171,0,True,train,3
990001174290205171,0,True,train,0
990001204390205171,0,True,train,2
990001204420205171,0,True,train,2
990001204430205171,0,True,train,3
990001204490205171,0,True,train,1
990001204510205171,0,True,train,1
990001204550205171,0,True,train,4
990001204570205171,0,True,train,4
990001204610205171,0,True,test,-1
990001204620205171,0,True,train,0
990001204660205171,0,True,train,0
990001204670205171,0,True,train,3
990001204730205171,0,True,train,2
990001204740205171,0,True,train,0
990001204760205171,0,True,train,4
990001205140205171,0,True,train,4
990001205150205171,0,True,train,3
990001205160205171,0,True,train,2
990001205170205171,0,True,test,-1
990001205180205171,0,True,train,1
990001205190205171,0,True,train,1
990001205230205171,0,True,test,-1
990001205280205171,0,True,train,3
990001205330205171,0,True,test,-1
990001205370205171,0,True,test,-1
990001205380205171,0,True,train,2
990001205600205171,1,True,train,1
990001205610205171,0,True,train,4
990001205640205171,0,True,train,0
990001205700205171,0,True,train,0
990001205770205171,0,True,train,3
990001205780205171,0,True,test,-1
990001205800205171,0,True,test,-1
990001205820205171,0,True,test,-1
990001205830205171,0,True,test,-1
990001205920205171,0,True,train,4
990001205980205171,0,True,train,1
990001206000205171,0,True,train,3
990001206040205171,0,True,train,0
990001206080205171,0,True,train,4
990001206090205171,0,True,test,-1
990001206150205171,0,True,train,4
990001206190205171,0,True,test,-1
990001206210205171,0,True,test,-1
990001206240205171,0,True,train,2
990001206250205171,0,True,train,2
990001206470205171,0,True,test,-1
990001206510205171,0,True,train,2
990001206600205171,0,True,test,-1
990001206670205171,0,True,train,4
990001206750205171,0,True,train,0
990001206760205171,0,True,train,2
990001207180205171,1,True,train,0
990001207250205171,1,True,test,-1
990001207350205171,1,True,train,1
990001207430205171,1,True,train,1
990001207530205171,1,True,test,-1
990001207810205171,1,True,test,-1
990001207860205171,1,True,train,4
990001207990205171,1,True,test,-1
990001208190205171,1,True,train,2
990001209660205171,0,True,train,0
990001209710205171,0,True,train,2
990001209750205171,0,True,train,1
990001209790205171,0,True,test,-1
990001209820205171,0,True,train,2
990001209910205171,0,True,train,0
990001209940205171,0,True,train,1
990001209980205171,0,True,train,4
990001210080205171,0,True,train,1
990001210090205171,0,True,test,-1
990001210420205171,0,True,train,2
990001210440205171,1,True,train,2
990001211110205171,0,True,train,4
990001211130205171,0,True,train,0
990001211220205171,0,True,train,2
990001211240205171,0,True,train,2
990001211400205171,0,True,train,1
990001211430205171,0,True,train,2
990001211610205171,0,True,test,-1
990001211620205171,0,True,train,0
990001211660205171,0,True,train,3
990001211670205171,0,True,train,1
990001211690205171,0,True,train,0
990001211700205171,0,True,train,1
990001211710205171,0,True,train,1
990001211720205171,0,True,test,-1
990001211790205171,0,True,test,-1
990001211810205171,0,True,test,-1
990001211820205171,0,True,test,-1
990001211880205171,0,True,train,1
990001211930205171,0,True,test,-1
990001211960205171,0,True,train,4
990001211970205171,0,True,train,2
990001212050205171,0,True,train,4
990001212090205171,0,True,train,1
990001212100205171,0,True,train,3
990001212110205171,0,True,train,0
990001212130205171,0,True,test,-1
990001212180205171,0,True,train,0
990001212380205171,0,True,train,2
990001212430205171,0,True,train,3
990001212470205171,0,True,test,-1
990001212490205171,0,True,test,-1
990001212500205171,0,True,train,2
990001212540205171,0,True,train,2
990001212550205171,0,True,test,-1
990001212630205171,0,True,train,1
990001212640205171,0,True,train,0
990001212970205171,0,True,train,3
990001213410205171,1,True,train,3
990001214610205171,1,True,train,2
990001215190205171,0,True,train,1
990001215240205171,0,True,test,-1
990001215320205171,0,True,train,2
990001218370205171,1,True,train,0
990001218500205171,0,True,train,3
990001218510205171,0,True,train,0
990001218550205171,0,True,train,3
990001218560205171,0,True,test,-1
990001218580205171,0,True,train,1
990001218590205171,0,True,test,-1
990001218600205171,0,True,test,-1
990001218610205171,0,True,test,-1
990001218710205171,0,True,test,-1
990001218850205171,0,True,train,1
990001218880205171,0,True,train,0
990001218890205171,0,True,test,-1
990001218940205171,0,True,test,-1
990001218960205171,0,True,test,-1
990001218990205171,0,True,test,-1
990001219070205171,0,True,train,0
990001219110205171,0,True,train,2
990001219210205171,0,True,test,-1
990001219220205171,0,True,train,1
990001219450205171,0,True,train,3
990001219560205171,0,True,test,-1
990001219880205171,0,True,train,2
990001219900205171,0,True,train,3
990001219910205171,0,True,train,2
990001219920205171,0,True,test,-1
990001220240205171,0,True,test,-1
990001220820205171,0,True,train,4
990001220870205171,1,True,test,-1
990001220910205171,0,True,train,1
990001221330205171,0,True,train,0
990001221380205171,0,True,test,-1
990001221550205171,0,True,train,4
990001221900205171,0,True,train,3
990001222020205171,0,True,train,0
990001222040205171,0,True,train,1
990001222140205171,0,True,train,1
990001222150205171,0,True,test,-1
990001222240205171,0,True,train,4
990001222470205171,0,True,test,-1
990001222710205171,0,True,test,-1
990001222840205171,0,True,train,3
990001224890205171,0,True,train,4
990001229030205171,1,True,train,2
990001229070205171,0,True,train,4
990001229820205171,0,True,test,-1
990001229940205171,0,True,train,4
990001230630205171,0,True,train,3
990001230740205171,0,True,train,0
990001230930205171,0,True,test,-1
990001231110205171,0,True,test,-1
990001231530205171,0,True,train,4
990001231650205171,0,True,test,-1
990001232470205171,1,True,train,4
990001233630205171,0,True,train,0
990001233770205171,0,True,train,4
990001235170205171,0,True,test,-1
990001235950205171,0,True,test,-1
990001248020205171,1,True,train,3
990001249960205171,0,True,train,0
990001250420205171,0,True,train,3
990001258460205171,0,True,test,-1
990001258630205171,0,True,test,-1
990001262930205171,1,True,train,0
990001263400205171,0,True,train,1
990001265080205171,0,True,train,0
990001265430205171,0,True,train,0
990001265440205171,0,True,train,4
990001265580205171,0,True,train,4
990001268660205171,0,True,train,0
990001268980205171,0,True,test,-1
990001269910205171,0,True,test,-1
990001272170205171,0,True,train,3
990001277580205171,0,True,train,4
990001277710205171,0,True,test,-1
990001278630205171,0,True,train,2
990001278900205171,0,True,train,3
990001279210205171,0,True,test,-1
990001280570205171,0,True,train,3
990001280690205171,0,True,train,2
990001281620205171,0,True,train,4
990001283490205171,0,True,test,-1
990001283610205171,0,True,test,-1
990001287090205171,0,True,train,1
990001287280205171,0,True,train,0
990001287290205171,0,True,train,1
990001287300205171,0,True,train,3
990001287310205171,0,True,train,1
990001287400205171,0,True,train,0
990001287430205171,0,True,train,3
990001287470205171,0,True,train,2
990001287480205171,0,True,test,-1
990001287490205171,0,True,train,2
990001287520205171,0,True,train,1
990001287550205171,0,True,train,0
990001287580205171,0,True,train,4
990001287590205171,0,True,train,2
990001287600205171,0,True,test,-1
990001287630205171,0,True,train,2
990001287650205171,0,True,train,4
990001287670205171,0,True,train,4
990001287690205171,0,True,test,-1
990001287730205171,0,True,train,3
990001287740205171,0,True,train,1
990001287780205171,0,True,train,4
990001287830205171,0,True,test,-1
990001287920205171,0,True,train,4
990001288090205171,0,True,test,-1
990001288140205171,0,True,train,3
990001288150205171,0,True,train,4
990001288200205171,0,True,train,4
990001288570205171,0,True,train,4
990001288600205171,0,True,train,1
990001288700205171,0,True,train,3
990001288760205171,0,True,test,-1
990001289050205171,0,True,train,0
990001289060205171,0,True,test,-1
990001289150205171,0,True,train,3
990001289180205171,0,True,train,4
990001289310205171,0,True,test,-1
990001289340205171,0,True,test,-1
990001289370205171,0,True,test,-1
990001289430205171,0,True,train,3
990001289620205171,0,True,test,-1
990001289630205171,0,True,train,0
990001289640205171,0,True,train,1
990001289650205171,0,True,train,4
990001289680205171,0,True,train,0
990001289810205171,0,True,train,2
990001289900205171,0,True,train,2
990001290280205171,0,True,train,0
990001290390205171,0,True,train,0
990001290400205171,0,True,train,0
990001290460205171,0,True,train,2
990001290530205171,0,True,train,4
990001290710205171,0,True,test,-1
990001290770205171,0,True,train,1
990001290860205171,0,True,train,4
990001290870205171,0,True,test,-1
990001290910205171,0,True,train,3
990001290920205171,0,True,train,0
990001290980205171,0,True,test,-1
990001290990205171,0,True,test,-1
990001291010205171,0,True,train,4
990001291060205171,0,True,train,0
990001291110205171,0,True,train,2
990001291310205171,0,True,train,1
990001291410205171,0,True,test,-1
990001291430205171,0,True,test,-1
990001291660205171,1,True,test,-1
990001291670205171,1,True,test,-1
990001291850205171,0,True,train,1
990001291860205171,0,True,test,-1
990001291930205171,0,True,test,-1
990001292020205171,0,True,train,3
990001292070205171,0,True,train,3
990001292090205171,0,True,train,3
990001292100205171,0,True,train,1
990001292150205171,0,True,train,1
990001292180205171,0,True,train,2
990001292390205171,0,True,train,0
990001292410205171,0,True,train,3
990001292460205171,0,True,train,4
990001292660205171,1,True,train,0
990001292710205171,0,True,train,3
990001292790205171,0,True,train,3
990001292830205171,0,True,test,-1
990001292870205171,0,True,train,0
990001292950205171,0,True,train,0
990001292980205171,0,True,test,-1
990001293020205171,0,True,test,-1
990001293030205171,0,True,train,3
990001293040205171,0,True,test,-1
990001293470205171,0,True,train,4
990001293480205171,0,True,train,3
990001293490205171,0,True,test,-1
990001293500205171,0,True,train,2
990001293570205171,0,True,train,2
990001293600205171,0,True,train,2
990001293660205171,0,True,test,-1
990001293720205171,0,True,test,-1
990001293860205171,0,True,test,-1
990001293900205171,0,True,train,1
990001293920205171,0,True,train,0
990001293930205171,0,True,train,4
990001293940205171,0,True,train,0
990001293950205171,0,True,train,4
990001293970205171,0,True,train,1
990001293980205171,0,True,train,1
990001294040205171,0,True,train,1
990001294380205171,0,True,test,-1
990001294600205171,0,True,train,2
990001294730205171,0,True,train,0
990001294740205171,0,True,test,-1
990001294750205171,1,True,test,-1
990001294860205171,0,True,test,-1
990001295070205171,0,True,train,1
990001295150205171,0,True,test,-1
990001295160205171,0,True,train,1
990001295200205171,0,True,train,2
990001295220205171,0,True,train,1
990001295250205171,0,True,train,2
990001295270205171,0,True,test,-1
990001295330205171,0,True,train,4
990001295350205171,0,True,train,0
990001295370205171,0,True,test,-1
990001295410205171,0,True,train,2
990001295550205171,0,True,test,-1
990001295560205171,0,True,train,3
990001295660205171,0,True,train,3
990001295680205171,0,True,train,4
990001295820205171,0,True,test,-1
990001295910205171,0,True,test,-1
990001296240205171,0,True,train,1
990001296350205171,0,True,test,-1
990001296410205171,0,True,train,4
990001296550205171,0,True,test,-1
990001296560205171,0,True,train,3
990001296870205171,0,True,train,4
990001296900205171,0,True,train,3
990001296910205171,0,True,train,2
990001297350205171,0,True,train,4
990001297510205171,0,True,test,-1
990001297660205171,0,True,train,3
990001298210205171,0,True,test,-1
990001298500205171,0,True,train,1
990001298510205171,0,True,train,4
990001299230205171,0,True,train,2
990001299490205171,0,True,train,3
990001299630205171,0,True,test,-1
990001299670205171,0,True,test,-1
990001299920205171,0,True,test,-1
990001299930205171,0,True,test,-1
990001299940205171,0,True,test,-1
990001300270205171,0,True,train,0
990001300390205171,0,True,train,1
990001300400205171,0,True,test,-1
990001300410205171,0,True,train,4
990001300420205171,0,True,train,3
990001300750205171,0,True,test,-1
990001300940205171,0,True,train,2
990001301000205171,0,True,train,1
990001302040205171,0,True,train,3
990001302460205171,0,True,train,2
990001304830205171,0,True,test,-1
990001304880205171,0,True,train,2
990001304920205171,0,True,test,-1
990001305140205171,0,True,test,-1
990001305180205171,0,True,train,4
990001305490205171,0,True,test,-1
990001305510205171,0,True,train,2
990001305600205171,0,True,train,1
990001305740205171,0,True,train,1
990001305930205171,0,True,train,2
990001305940205171,0,True,test,-1
990001306000205171,0,True,train,2
990001306070205171,0,True,train,1
990001306330205171,0,True,test,-1
990001306390205171,0,True,train,4
990001306480205171,0,True,test,-1
990001306740205171,0,True,train,4
990001306880205171,0,True,train,2
990001306890205171,0,True,train,2
990001307210205171,0,True,train,3
990001307320205171,0,True,train,4
990001307380205171,0,True,train,4
990001307450205171,0,True,train,4
990001307500205171,0,True,test,-1
990001307790205171,0,True,test,-1
990001308040205171,0,True,test,-1
990001308250205171,0,True,train,3
990001308280205171,0,True,test,-1
990001308290205171,0,True,train,4
990001308360205171,0,True,test,-1
990001308690205171,0,True,test,-1
990001309100205171,0,True,test,-1
990001309630205171,0,True,train,4
990001309950205171,0,True,train,3
990001310170205171,0,True,train,3
990001310180205171,0,True,test,-1
990001310750205171,0,True,train,0
990001311620205171,0,True,train,1
990001311730205171,1,True,test,-1
990001312580205171,0,True,train,1
990001312730205171,0,True,train,3
990001312770205171,0,True,train,0
990001313010205171,0,True,train,3
990001313200205171,0,True,train,1
990001313440205171,0,True,train,4
990001313720205171,0,True,train,4
990001315580205171,0,True,train,4
990001315830205171,0,True,train,0
990001316030205171,0,True,train,3
990001316180205171,0,True,train,1
990001316210205171,0,True,train,3
990001316330205171,0,True,test,-1
990001316410205171,0,True,train,2
990001316420205171,0,True,train,3
990001316450205171,0,True,train,4
990001316750205171,0,True,train,1
990001316880205171,0,True,train,2
990001317080205171,0,True,train,2
990001317170205171,0,True,train,4
990001317350205171,0,True,test,-1
990001317520205171,0,True,train,1
990001317980205171,0,True,train,0
990001318090205171,0,True,test,-1
990001318200205171,0,True,test,-1
990001318260205171,0,True,train,4
990001318420205171,0,True,test,-1
990001318430205171,0,True,train,4
990001318450205171,0,True,train,3
990001318570205171,0,True,train,3
990001318610205171,0,True,test,-1
990001318690205171,0,True,train,0
990001318730205171,0,True,train,3
990001318810205171,0,True,train,2
990001318820205171,0,True,train,3
990001318830205171,0,True,train,0
990001318840205171,0,True,test,-1
990001318850205171,0,True,train,0
990001318890205171,0,True,test,-1
990001318990205171,0,True,train,1
990001319080205171,0,True,train,0
990001319120205171,0,True,test,-1
990001319660205171,0,True,train,0
990001319780205171,0,True,train,4
990001320770205171,0,True,train,1
990001321000205171,0,True,test,-1
990001321130205171,0,True,test,-1
990001321600205171,0,True,train,3
990001324280205171,0,True,test,-1
990001324850205171,0,True,test,-1
990001327540205171,0,True,train,2
990001327610205171,0,True,test,-1
990001341750205171,0,True,train,1
990001353490205171,0,True,train,2
990001377020205171,0,True,test,-1
990001377100205171,0,True,train,4
990001377150205171,0,True,train,2
990001377280205171,0,True,train,3
990001377420205171,0,True,test,-1
990001377740205171,0,True,train,3
990001378110205171,0,True,train,0
990001378970205171,0,True,test,-1
990001380590205171,0,True,train,0
990001380970205171,0,True,test,-1
990001381090205171,0,True,test,-1
990001381220205171,0,True,train,2
990001382640205171,1,True,test,-1
990001383470205171,1,True,train,4
990001383690205171,0,True,train,4
990001383720205171,0,True,test,-1
990001406610205171,0,True,train,0
990001465840205171,0,True,test,-1
990001481360205171,1,True,train,4
990001490620205171,0,True,test,-1
990001509500205171,0,True,train,4
990001513400205171,0,True,test,-1
990001517870205171,0,True,train,3
990001581240205171,0,True,train,0
990001625620205171,0,True,train,0
990001626160205171,1,True,train,2
990001671250205171,1,True,test,-1
990001671350205171,0,True,train,0
990001674310205171,0,True,train,0
990001675190205171,0,True,train,3
990001675380205171,0,True,train,2
990001675550205171,0,True,train,1
990001678880205171,0,True,train,1
990001691740205171,0,True,train,0
990001691760205171,0,True,train,2
990001691770205171,0,True,train,1
990001691780205171,0,True,test,-1
990001691830205171,0,True,train,4
990001691860205171,0,True,train,1
990001691870205171,0,True,test,-1
990001691880205171,0,True,test,-1
990001691900205171,0,True,test,-1
990001691920205171,0,True,train,2
990001692130205171,0,True,train,2
990001692380205171,0,True,train,4
990001692590205171,0,True,train,1
990001692620205171,0,True,train,1
990001692700205171,0,True,train,1
990001693120205171,0,True,test,-1
990001693320205171,0,True,train,3
990001693390205171,0,True,train,2
990001693480205171,0,True,train,4
990001693700205171,0,True,train,3
990001693730205171,0,True,train,0
990001694100205171,0,True,test,-1
990001694400205171,0,True,train,3
990001694440205171,0,True,train,2
990001695090205171,0,True,test,-1
990001698250205171,0,True,train,0
990001706540205171,0,True,train,4
990001706610205171,0,True,train,3
990001707110205171,0,True,test,-1
990001707360205171,0,True,test,-1
990001712250205171,0,True,train,0
990001728710205171,0,True,train,1
990001728760205171,0,True,train,0
990001728850205171,0,True,test,-1
990001728860205171,0,True,train,3
990001728870205171,0,True,train,2
990001737390205171,1,True,train,1
990001745740205171,0,True,test,-1
990001750180205171,0,True,test,-1
990001750290205171,0,True,train,2
990001750310205171,0,True,train,2
990001750320205171,0,True,test,-1
990001750430205171,0,True,test,-1
990001750580205171,0,True,train,0
990001750610205171,0,True,test,-1
990001750710205171,0,True,test,-1
990001750750205171,0,True,train,2
990001750890205171,0,True,test,-1
990001751040205171,0,True,test,-1
990001751060205171,0,True,train,3
990001751630205171,0,True,train,2
990001751830205171,0,True,test,-1
990001751850205171,0,True,test,-1
990001751860205171,0,True,train,1
990001751870205171,0,True,train,0
990001751890205171,0,True,test,-1
990001751910205171,0,True,train,1
990001751950205171,1,True,test,-1
990001752090205171,0,True,test,-1
990001752360205171,0,True,train,3
990001752770205171,0,True,test,-1
990001752800205171,0,True,train,2
990001752860205171,0,True,train,1
990001753280205171,1,True,train,1
990001753410205171,0,True,train,1
990001753700205171,0,True,train,4
990001754270205171,0,True,test,-1
990001754460205171,0,True,train,4
990001754890205171,1,True,train,3
990001757030205171,0,True,train,3
990001757530205171,0,True,train,4
990001767000205171,0,True,test,-1
990001794030205171,0,True,train,3
990001795020205171,0,True,train,1
990001795110205171,0,True,train,3
990001797970205171,0,True,test,-1
990001801790205171,0,True,test,-1
990001801820205171,0,True,train,3
990001806450205171,0,True,train,4
990001809150205171,0,True,test,-1
990001809900205171,0,True,test,-1
990001810420205171,0,True,train,1
990001810730205171,1,True,train,4
990001816410205171,0,True,train,4
990001816520205171,0,True,train,3
990001816610205171,0,True,train,4
990001816710205171,0,True,test,-1
990001816720205171,0,True,train,3
990001816780205171,0,True,train,0
990001817260205171,0,True,test,-1
990001817520205171,0,True,train,3
990001817570205171,0,True,test,-1
990001817770205171,0,True,train,3
990001819480205171,0,True,train,4
990001821160205171,0,True,test,-1
990001821180205171,0,True,train,1
990001821200205171,0,True,train,0
990001821210205171,0,True,train,1
990001821220205171,0,True,train,2
990001821420205171,0,True,test,-1
990001821500205171,0,True,train,1
990001822390205171,0,True,train,1
990001845530205171,0,True,train,1
990001845550205171,0,True,train,2
990001845620205171,0,True,train,2
990001845640205171,0,True,train,3
990001884630205171,0,True,train,2
990001884810205171,0,True,train,1
990001905420205171,0,True,train,4
990001905650205171,0,True,train,0
990001906010205171,0,True,train,4
990001909550205171,0,True,test,-1
990001909730205171,0,True,test,-1
990001909760205171,0,True,train,0
990001910020205171,0,True,test,-1
990001911110205171,0,True,test,-1
990001914730205171,0,True,train,2
990001915190205171,0,True,train,0
990001915260205171,0,True,test,-1
990001915520205171,0,True,train,2
990001915760205171,0,True,train,2
990001915770205171,0,True,train,1
990001916510205171,0,True,train,2
990001916680205171,0,True,train,0
990001916810205171,0,True,test,-1
990001916820205171,0,True,test,-1
990001916850205171,0,True,test,-1
990001916860205171,0,True,test,-1
990001916930205171,0,True,test,-1
990001917570205171,0,True,train,3
990001918470205171,0,True,train,0
990001934340205171,0,True,train,4
990001942180205171,1,True,train,0
990001946300205171,0,True,test,-1
990001956580205171,0,True,test,-1
990001975470205171,0,True,train,0
990001978630205171,0,True,test,-1
990001978950205171,1,True,train,4
990001980350205171,0,True,train,0
990001981130205171,0,True,train,1
990001989160205171,1,True,train,3
990002096790205171,0,True,train,2
990025754130205171,0,True,test,-1
990026836920205171,0,True,train,0
