latent_dimension,standardized_coefficient_years_per_sd,absolute_standardized_coefficient,original_scale_coefficient,absolute_rank
191,4.489023,4.489023,108.64292274008581,1
214,-3.9069576,3.9069576,-93.13571529848488,2
178,3.7208817,3.7208817,86.20431405805016,3
104,3.716014,3.716014,89.65590677667802,4
130,-3.6684077,3.6684077,-87.89293553073429,5
446,-3.485109,3.485109,-81.20101922857317,6
28,3.3657355,3.3657355,82.89894236312843,7
398,-3.154513,3.154513,-77.92503732623877,8
369,-3.1538138,3.1538138,-76.34656144625123,9
98,-3.1301656,3.1301656,-74.89918375229632,10
80,3.1067226,3.1067226,72.805087097591,11
386,2.9208872,2.9208872,70.96549311378647,12
206,2.8609185,2.8609185,72.42483621809717,13
151,2.847876,2.847876,72.8798125734782,14
160,2.846849,2.846849,67.54567578636644,15
124,-2.83946,2.83946,-70.45737927690278,16
30,-2.8075566,2.8075566,-68.21898848558716,17
314,-2.7868114,2.7868114,-72.9821782228133,18
402,-2.754471,2.754471,-67.69676840341184,19
224,-2.741255,2.741255,-61.16474619447141,20
116,2.6535769,2.6535769,66.43926738496025,21
102,-2.6479707,2.6479707,-62.99419903368719,22
10,2.6403017,2.6403017,63.45009894873643,23
180,2.6107101,2.6107101,60.322814091385496,24
108,-2.6024365,2.6024365,-61.45307566715782,25
509,2.5826137,2.5826137,63.518424063600236,26
380,2.581863,2.581863,63.57856051973254,27
12,-2.5798004,2.5798004,-61.448650363678304,28
266,2.5569434,2.5569434,62.224470333495105,29
122,-2.5484033,2.5484033,-58.60959692317621,30
429,-2.536376,2.536376,-64.41029141275634,31
362,-2.5113194,2.5113194,-59.72281523056851,32
264,2.5043247,2.5043247,60.35605798658285,33
418,2.4873765,2.4873765,55.48033350266524,34
493,-2.4460928,2.4460928,-59.59932451014383,35
200,2.4273872,2.4273872,60.61424111527178,36
71,-2.3923016,2.3923016,-57.129845529881116,37
100,-2.389797,2.389797,-59.11486289880354,38
47,2.379114,2.379114,61.36040340646541,39
304,2.3669205,2.3669205,53.613124130702026,40
370,2.3654773,2.3654773,55.01223841443815,41
133,-2.3551736,2.3551736,-55.840071630052854,42
95,2.3212485,2.3212485,55.54018847372921,43
433,2.3116927,2.3116927,56.18278329983685,44
177,-2.3104417,2.3104417,-55.255568513509765,45
26,2.2938447,2.2938447,57.38059079078919,46
218,-2.2918122,2.2918122,-56.036830338983805,47
135,-2.2763941,2.2763941,-54.192488748759665,48
208,2.259551,2.259551,55.52025150123398,49
441,-2.2196965,2.2196965,-53.16048336906837,50
248,-2.209768,2.209768,-53.083171541742864,51
74,2.1967776,2.1967776,51.58762293047129,52
132,-2.195087,2.195087,-52.98350612807033,53
459,-2.1878438,2.1878438,-52.8294882915894,54
458,-2.1769545,2.1769545,-52.069806945840156,55
249,-2.1739578,2.1739578,-51.96506551719456,56
341,-2.1651003,2.1651003,-55.81705175940333,57
120,-2.160032,2.160032,-55.197129790393134,58
148,2.1597476,2.1597476,52.27687700499464,59
65,-2.1566503,2.1566503,-50.60891328269471,60
228,-2.1297464,2.1297464,-50.05824121960811,61
220,2.1165886,2.1165886,53.0989988395768,62
51,2.0783284,2.0783284,51.9110048955787,63
376,2.075496,2.075496,51.073550147151664,64
405,-2.0725157,2.0725157,-50.786756931529254,65
511,2.0431304,2.0431304,47.85562226184681,66
69,2.022264,2.022264,51.6041495894988,67
0,-2.0172014,2.0172014,-46.02880764692824,68
353,1.992525,1.992525,48.12161932100145,69
408,1.989853,1.989853,49.22003095535818,70
290,-1.9742382,1.9742382,-45.21922918465279,71
161,-1.9688911,1.9688911,-47.09699577419959,72
78,-1.9673961,1.9673961,-48.145542868552184,73
186,1.9428198,1.9428198,46.568122669769714,74
510,-1.9353508,1.9353508,-47.76653242102625,75
7,1.9144162,1.9144162,47.51305877933434,76
137,1.9119543,1.9119543,46.03641792761478,77
8,-1.9024324,1.9024324,-47.511181051540035,78
453,1.8972226,1.8972226,44.49469967027671,79
492,1.8783962,1.8783962,43.434187334988515,80
406,-1.8730294,1.8730294,-43.97508885448141,81
219,1.868101,1.868101,44.01484636977012,82
332,1.8650181,1.8650181,45.028904182326364,83
288,1.8616234,1.8616234,44.57640842336543,84
412,-1.8511275,1.8511275,-45.30585049104444,85
476,1.8504953,1.8504953,47.053054699270135,86
469,-1.8491442,1.8491442,-44.90142390365028,87
76,1.8469466,1.8469466,45.351568925367125,88
196,1.8445232,1.8445232,41.83833137336313,89
109,1.8180622,1.8180622,45.09074982487236,90
33,-1.808595,1.808595,-44.47438527829216,91
357,1.8017265,1.8017265,41.48693507917518,92
67,1.8010345,1.8010345,41.00817119045002,93
236,-1.7994742,1.7994742,-43.95664062552316,94
105,-1.7922804,1.7922804,-45.17196030985425,95
345,-1.785298,1.785298,-43.74008976531808,96
167,1.781504,1.781504,41.713152955549916,97
335,1.7732202,1.7732202,41.06596847551083,98
221,-1.7726415,1.7726415,-41.10863317375842,99
391,-1.7697023,1.7697023,-42.417491569520806,100
473,-1.7566295,1.7566295,-40.395701980172696,101
175,1.7511827,1.7511827,42.788699892061395,102
425,-1.7494969,1.7494969,-45.26621096565498,103
401,1.7412844,1.7412844,41.8710991630374,104
39,1.7355032,1.7355032,41.39725902791913,105
368,1.7311189,1.7311189,41.1329788359353,106
397,-1.7261767,1.7261767,-42.0279392510596,107
403,-1.7233858,1.7233858,-40.85725748414007,108
237,1.719238,1.719238,40.27829929927193,109
484,1.7077558,1.7077558,44.2399908142752,110
374,-1.6955836,1.6955836,-41.14347995990134,111
373,-1.6761678,1.6761678,-38.90750125144017,112
192,-1.664204,1.664204,-42.18165758879842,113
227,1.6574665,1.6574665,44.35718450121504,114
282,-1.6519855,1.6519855,-39.18348224842467,115
57,1.644792,1.644792,39.78632505400309,116
427,1.6310099,1.6310099,40.35873842838398,117
223,1.6309282,1.6309282,39.53481152686148,118
273,-1.6303308,1.6303308,-38.02444056744438,119
48,-1.6209521,1.6209521,-40.45792564507407,120
286,-1.6198957,1.6198957,-38.42923984530525,121
279,-1.6123371,1.6123371,-38.440366719768974,122
475,-1.6111422,1.6111422,-41.13622458465391,123
352,1.610546,1.610546,37.43393544925916,124
211,1.6075517,1.6075517,38.80231507208256,125
310,1.5998591,1.5998591,37.53835795339334,126
413,1.5936065,1.5936065,38.3118481082895,127
417,1.5917754,1.5917754,38.17491206153983,128
190,1.5700065,1.5700065,36.06411543559823,129
194,-1.5652257,1.5652257,-36.91772902535947,130
445,-1.5624292,1.5624292,-36.87941476990444,131
40,1.5616244,1.5616244,37.90738059040049,132
486,-1.5586905,1.5586905,-37.68504573322326,133
93,-1.5514877,1.5514877,-35.00885794405589,134
234,1.5514319,1.5514319,34.162873784267326,135
15,-1.5441233,1.5441233,-34.769836270721456,136
291,-1.5416003,1.5416003,-36.79951380321824,137
153,-1.5399495,1.5399495,-36.158211346601625,138
363,-1.5049745,1.5049745,-34.05915199176491,139
96,-1.4992123,1.4992123,-38.27364766408662,140
83,1.4951991,1.4951991,35.013143569926626,141
269,1.4876335,1.4876335,36.82732900653577,142
366,-1.4706722,1.4706722,-36.274222819217925,143
59,1.4685413,1.4685413,36.56761588427453,144
488,1.4624274,1.4624274,34.52744009433302,145
99,-1.4514854,1.4514854,-34.397603650617924,146
284,1.449637,1.449637,35.37558420209717,147
31,-1.4486945,1.4486945,-35.42491643497883,148
68,1.4436374,1.4436374,36.92612106181536,149
110,1.4322658,1.4322658,33.32861501095589,150
461,1.4171168,1.4171168,33.520375342783005,151
497,-1.4136473,1.4136473,-33.34703938755891,152
156,-1.4047943,1.4047943,-34.62742156594961,153
119,-1.4021585,1.4021585,-33.41137086727176,154
166,1.3894498,1.3894498,33.43577139126624,155
356,1.389363,1.389363,33.38103726935615,156
185,1.3877324,1.3877324,34.248359918005725,157
171,-1.3867922,1.3867922,-32.38024030991312,158
311,1.3761753,1.3761753,32.564536889339315,159
209,1.3756636,1.3756636,32.985920181444534,160
259,-1.3727913,1.3727913,-34.64019296498477,161
421,1.3705853,1.3705853,33.51729222224409,162
280,-1.3663111,1.3663111,-33.297736032214665,163
257,1.3601595,1.3601595,33.14192722115282,164
414,-1.3546435,1.3546435,-31.15204060406075,165
342,1.3449101,1.3449101,31.748799948753273,166
121,1.3290741,1.3290741,30.608389147508653,167
346,1.3288668,1.3288668,29.31939334276238,168
442,1.3253495,1.3253495,31.864434584772074,169
84,-1.318212,1.318212,-32.229723219705086,170
255,1.3045208,1.3045208,31.092778201106587,171
496,-1.3000451,1.3000451,-32.65431463135085,172
112,1.2981137,1.2981137,31.977874108349344,173
440,-1.2904705,1.2904705,-31.08803646018054,174
13,-1.28848,1.28848,-33.55175612730608,175
432,1.279659,1.279659,31.593019493267057,176
115,-1.2760767,1.2760767,-32.512401151197714,177
72,1.2703065,1.2703065,30.42736701610436,178
198,-1.2618846,1.2618846,-30.96149102498651,179
460,1.2608769,1.2608769,30.241407127448674,180
302,1.2601625,1.2601625,28.917127530209928,181
131,-1.2578554,1.2578554,-29.628223528883503,182
449,1.2474207,1.2474207,31.662579956091257,183
253,1.2453412,1.2453412,30.08695326806112,184
45,1.239889,1.239889,30.603471459322428,185
140,1.2383604,1.2383604,28.996175682246115,186
420,-1.2350622,1.2350622,-29.910563244243207,187
334,1.2341642,1.2341642,29.5211692678712,188
182,1.2302386,1.2302386,27.672420924383033,189
336,1.2264646,1.2264646,30.06545185038456,190
53,-1.2204881,1.2204881,-27.982572695292912,191
387,1.2062283,1.2062283,29.787424024265736,192
89,1.1899923,1.1899923,27.79062459773937,193
323,-1.1853265,1.1853265,-28.179654742173284,194
66,-1.176888,1.176888,-27.130061318168668,195
85,-1.1741003,1.1741003,-27.895327610586165,196
377,1.1737103,1.1737103,28.10259193009078,197
258,-1.1657006,1.1657006,-28.86755549028249,198
505,1.1593194,1.1593194,27.43754923132077,199
457,-1.145632,1.145632,-27.14682174298695,200
117,-1.1420872,1.1420872,-29.17883607264138,201
307,1.1377169,1.1377169,29.349780343158162,202
411,-1.1360884,1.1360884,-28.391683404008415,203
325,-1.1326278,1.1326278,-27.16181944881491,204
70,1.128951,1.128951,26.857211188360157,205
506,-1.1261705,1.1261705,-26.610126266262757,206
50,-1.1223688,1.1223688,-26.479722039172156,207
337,1.1221915,1.1221915,28.849341702296353,208
452,1.1200805,1.1200805,29.310802356808658,209
225,1.1052444,1.1052444,26.929963841347078,210
229,-1.1041003,1.1041003,-26.726215443361767,211
276,1.1022654,1.1022654,28.23227609559887,212
487,-1.1011229,1.1011229,-25.056839948047703,213
81,-1.1009811,1.1009811,-26.75911983842374,214
184,-1.1003441,1.1003441,-25.51576099341083,215
491,-1.0983057,1.0983057,-26.090477623730028,216
245,1.0962095,1.0962095,24.818338901634846,217
3,-1.0951849,1.0951849,-26.22159531430049,218
113,1.0937645,1.0937645,25.35692897671778,219
146,1.089589,1.089589,25.21666646898164,220
275,1.0857438,1.0857438,28.16690127241246,221
431,-1.0845559,1.0845559,-27.415946728146903,222
267,1.0823792,1.0823792,25.851450513487386,223
482,-1.0715895,1.0715895,-26.480388904214887,224
297,-1.066173,1.066173,-25.30435629914368,225
455,-1.0609331,1.0609331,-26.765124222891078,226
142,-1.0593147,1.0593147,-26.18942726832667,227
260,-1.0581604,1.0581604,-25.373792109203354,228
103,1.0524417,1.0524417,26.47369237461331,229
118,1.0516021,1.0516021,26.34604937864422,230
32,1.0490916,1.0490916,24.474431238518587,231
199,1.0441782,1.0441782,26.005440018214642,232
44,-1.0406264,1.0406264,-23.788692312903258,233
154,-1.039891,1.039891,-25.14043531313228,234
327,1.0355264,1.0355264,24.957718532685288,235
11,1.0335011,1.0335011,24.535632916961124,236
164,1.0333388,1.0333388,24.91743112235876,237
478,-1.0326458,1.0326458,-25.662348635546333,238
90,1.0268791,1.0268791,25.481737676074733,239
107,1.0240399,1.0240399,25.203193026213608,240
126,1.0238165,1.0238165,23.67904893229876,241
294,1.013384,1.013384,24.605357803865314,242
79,1.0131985,1.0131985,25.298677003430484,243
205,1.0095336,1.0095336,24.23323131620145,244
274,-1.0074614,1.0074614,-25.928738661964395,245
489,-1.0000949,1.0000949,-22.914866465475953,246
129,0.9982657,0.9982657,23.42591279613952,247
64,-0.9982639,0.9982639,-23.532089282914836,248
301,0.9981895,0.9981895,25.864481043115347,249
238,0.9923342,0.9923342,23.27185789521897,250
144,-0.9895454,0.9895454,-22.806959495020212,251
210,-0.9866467,0.9866467,-23.028154662522155,252
359,-0.9849759,0.9849759,-23.091927269138782,253
193,0.98447144,0.98447144,22.943266884283855,254
149,0.98443305,0.98443305,23.952349757305427,255
379,-0.9843229,0.9843229,-23.691197510943834,256
348,0.97844476,0.97844476,22.08354969614365,257
157,0.9776657,0.9776657,23.194680864546058,258
52,-0.97646457,0.97646457,-24.405202816989657,259
168,0.97168374,0.97168374,22.611117104101403,260
395,-0.9715519,0.9715519,-24.46423618639439,261
125,-0.9698576,0.9698576,-23.655856950055668,262
41,-0.9553125,0.9553125,-23.43457948665008,263
150,0.9421283,0.9421283,22.02229303758561,264
364,0.93674177,0.93674177,24.018316076380458,265
343,0.9339014,0.9339014,23.78873501127284,266
163,0.93301123,0.93301123,22.421962825405842,267
246,0.93278724,0.93278724,22.466899560559348,268
73,-0.92598736,0.92598736,-20.975488792033847,269
313,0.91778266,0.91778266,23.673538716328945,270
495,0.91752595,0.91752595,22.542446715405458,271
254,0.91679513,0.91679513,21.983171173903955,272
46,-0.91342586,0.91342586,-23.807001443986984,273
300,0.90769255,0.90769255,21.929378569246474,274
384,-0.9034224,0.9034224,-21.948620605412064,275
396,-0.90085906,0.90085906,-21.729359871719463,276
265,0.8972984,0.8972984,22.046296169031542,277
382,0.88521373,0.88521373,22.750406351418317,278
438,-0.88005733,0.88005733,-20.006842120221084,279
165,-0.8798064,0.8798064,-21.056599690532167,280
354,0.87922204,0.87922204,20.915491305274777,281
101,-0.87157327,0.87157327,-21.13752470926443,282
303,0.8698447,0.8698447,21.18488353351465,283
464,0.8694964,0.8694964,22.813392792758798,284
375,-0.8684933,0.8684933,-19.855358421416526,285
58,0.83583385,0.83583385,20.349110204682873,286
426,-0.8333628,0.8333628,-20.68995890119328,287
422,0.8258126,0.8258126,20.36776876642851,288
361,0.8106006,0.8106006,20.08010519009765,289
54,-0.80093056,0.80093056,-19.447427938841553,290
333,-0.7907555,0.7907555,-19.581226766326676,291
37,0.7904348,0.7904348,19.504463126487646,292
256,0.78841907,0.78841907,19.523065653918742,293
296,0.78681844,0.78681844,19.902780369923036,294
435,-0.78251976,0.78251976,-19.89766569056786,295
14,0.78101814,0.78101814,18.655570434045952,296
92,-0.77615494,0.77615494,-18.668315082227902,297
388,-0.7726486,0.7726486,-17.581716734233517,298
16,0.7680307,0.7680307,17.281718876426865,299
339,0.7646791,0.7646791,18.07665971907438,300
75,-0.7552619,0.7552619,-17.03974412152238,301
383,-0.74997574,0.74997574,-17.742975531131865,302
141,-0.74968976,0.74968976,-18.163472383220707,303
143,0.74546945,0.74546945,18.61306757051347,304
56,-0.7435754,0.7435754,-18.650032336635633,305
292,0.74259484,0.74259484,17.307820975506697,306
393,0.7334182,0.7334182,17.614023102207177,307
349,0.7288503,0.7288503,16.898702967622025,308
136,-0.7256488,0.7256488,-17.244764589106676,309
329,0.72547966,0.72547966,17.980786133000613,310
217,-0.72523516,0.72523516,-16.422941089643828,311
499,0.7096674,0.7096674,17.05714779305666,312
36,-0.695402,0.695402,-16.581817581637996,313
322,0.6950157,0.6950157,16.72305826887944,314
462,0.6949481,0.6949481,15.838320644506037,315
450,-0.68184197,0.68184197,-16.46649979329745,316
213,-0.6795443,0.6795443,-16.405681008320286,317
404,0.6727254,0.6727254,17.105650788268292,318
451,0.6580364,0.6580364,16.060804169984504,319
502,0.6564864,0.6564864,15.238033844562976,320
318,0.65472996,0.65472996,15.119438721067853,321
242,0.65096587,0.65096587,16.382045733059616,322
504,-0.64994293,0.64994293,-16.000629999756246,323
62,-0.6457979,0.6457979,-15.601834365965937,324
147,0.64507353,0.64507353,15.983288131644326,325
278,-0.63754946,0.63754946,-15.132996509350075,326
272,-0.63192993,0.63192993,-16.390229194550372,327
173,0.62863666,0.62863666,15.282458672265388,328
1,-0.6185452,0.6185452,-15.123245144911253,329
128,-0.61741847,0.61741847,-14.829985399449157,330
61,-0.6141538,0.6141538,-14.530300508264453,331
29,0.6127965,0.6127965,14.35613768289282,332
250,-0.608878,0.608878,-14.519762772289887,333
87,0.6075356,0.6075356,14.125386880587909,334
299,-0.6073355,0.6073355,-15.063603035532854,335
295,-0.6021554,0.6021554,-14.129425232985867,336
21,-0.5975302,0.5975302,-14.294559453734214,337
34,-0.5902149,0.5902149,-14.00065704002045,338
247,0.5883919,0.5883919,13.773410224935311,339
500,0.5881076,0.5881076,13.938330003232549,340
240,0.585899,0.585899,14.67597955157685,341
463,-0.57942116,0.57942116,-14.794887566142592,342
410,-0.5744382,0.5744382,-13.871819650653597,343
416,0.5734185,0.5734185,13.773239003162116,344
385,-0.56945425,0.56945425,-13.848884555075383,345
212,-0.55762476,0.55762476,-12.827396073746877,346
4,-0.5545473,0.5545473,-13.338620667411087,347
317,0.55408466,0.55408466,14.015786924550328,348
207,0.5534562,0.5534562,13.743623647696994,349
344,0.550111,0.550111,14.19932883013175,350
470,0.5469201,0.5469201,12.994014272902279,351
415,0.5450995,0.5450995,13.44591366481147,352
35,-0.544807,0.544807,-13.412859326703074,353
338,-0.54447424,0.54447424,-13.166705168939691,354
43,0.54316753,0.54316753,13.950517325724272,355
371,0.5399353,0.5399353,13.712775924199759,356
5,-0.5368567,0.5368567,-12.927793221791372,357
477,-0.530348,0.530348,-12.099558088465528,358
262,0.5298106,0.5298106,13.851230501945052,359
226,0.52403617,0.52403617,13.064474236186468,360
324,-0.52173865,0.52173865,-12.53331064314913,361
261,-0.51916635,0.51916635,-12.236327225949424,362
319,0.5111621,0.5111621,11.96881557003308,363
20,-0.50949115,0.50949115,-12.768156487130137,364
305,-0.5090854,0.5090854,-12.505006577345208,365
351,0.5089439,0.5089439,12.98070226548315,366
381,-0.5048074,0.5048074,-12.18213890559589,367
86,0.4995002,0.4995002,11.569929965937204,368
241,-0.49286285,0.49286285,-12.603951589201893,369
350,-0.48466897,0.48466897,-11.59730511053802,370
263,0.4798615,0.4798615,11.497014406187867,371
316,-0.47446176,0.47446176,-11.682096227780775,372
18,-0.4737685,0.4737685,-11.505914524606679,373
347,0.47351998,0.47351998,11.499743362456506,374
181,0.47047523,0.47047523,10.8683079534715,375
2,-0.46557024,0.46557024,-11.22959893865791,376
466,-0.46066013,0.46066013,-11.372379295246771,377
155,0.44789723,0.44789723,10.906804509814624,378
91,-0.44689336,0.44689336,-10.516235147186372,379
447,-0.442647,0.442647,-10.77667483848233,380
483,-0.43961206,0.43961206,-10.023283993164181,381
138,0.4344231,0.4344231,10.672451553425391,382
423,-0.4339499,0.4339499,-10.710985465281055,383
399,-0.4338914,0.4338914,-10.541119274891251,384
202,-0.42889318,0.42889318,-10.18174278189372,385
424,0.42711788,0.42711788,10.583135403025091,386
439,0.4132025,0.4132025,10.40827275132573,387
409,0.4125731,0.4125731,9.733149916944754,388
467,0.4113706,0.4113706,9.486541587844313,389
49,-0.41108972,0.41108972,-10.135928097473323,390
474,0.4090335,0.4090335,9.482013124564759,391
328,0.40657952,0.40657952,9.440127904690621,392
390,0.40305755,0.40305755,9.51624642690885,393
437,0.4005208,0.4005208,9.526822179197222,394
443,0.39844808,0.39844808,10.224823827904,395
428,0.39766335,0.39766335,9.466579432587013,396
315,0.3940341,0.3940341,10.022175773636615,397
480,0.3918166,0.3918166,9.72434710906137,398
394,0.38822725,0.38822725,9.541089031648383,399
63,0.3828522,0.3828522,9.636886124351346,400
490,-0.37766683,0.37766683,-9.389741960904038,401
123,-0.37374038,0.37374038,-8.787877337482314,402
127,-0.3706055,0.3706055,-8.77016693140214,403
197,-0.3704258,0.3704258,-8.676393244676502,404
283,0.36852956,0.36852956,8.552577116062624,405
25,0.3679513,0.3679513,8.784770363800456,406
434,-0.3621192,0.3621192,-9.048402142247363,407
367,-0.36080533,0.36080533,-8.45093034236736,408
189,0.35644343,0.35644343,8.164906116584346,409
419,0.3497724,0.3497724,8.42223936631976,410
481,-0.3458099,0.3458099,-8.647144560010345,411
501,0.34429038,0.34429038,8.505439375988033,412
55,0.34340227,0.34340227,8.775461095785962,413
169,0.33700803,0.33700803,8.97625322159672,414
293,-0.33361936,0.33361936,-7.691032452455309,415
271,0.3255126,0.3255126,7.918141647520071,416
289,-0.32548004,0.32548004,-7.805403168436859,417
312,0.32425925,0.32425925,7.740211680397549,418
321,0.32140478,0.32140478,7.793508515918184,419
38,-0.31723788,0.31723788,-7.61621196569256,420
106,0.3120385,0.3120385,7.082168142194971,421
139,0.30040473,0.30040473,7.096625218485961,422
216,0.29099414,0.29099414,7.071438745795479,423
179,-0.28823575,0.28823575,-6.717161444317943,424
456,0.2881887,0.2881887,7.550409724698402,425
27,0.27729714,0.27729714,6.859643596728884,426
203,-0.2732042,0.2732042,-6.750268424981798,427
360,0.27225944,0.27225944,6.772227584239333,428
23,0.26102477,0.26102477,6.0031050837778315,429
498,-0.26100042,0.26100042,-6.02627902097182,430
252,-0.25743476,0.25743476,-6.562179658353999,431
340,-0.25461417,0.25461417,-5.999275072237131,432
17,0.25393754,0.25393754,5.999218549253326,433
162,0.25230128,0.25230128,6.01306155798394,434
77,0.24956353,0.24956353,5.94992563518621,435
494,0.2350936,0.2350936,5.824315062855361,436
444,0.23448208,0.23448208,5.62239189688494,437
331,-0.23345184,0.23345184,-5.631291955992427,438
22,-0.23034675,0.23034675,-5.7906759588355845,439
251,0.22970197,0.22970197,5.396065138319263,440
503,0.22713125,0.22713125,5.423600844981474,441
330,0.22430445,0.22430445,5.842599132193469,442
244,-0.22232513,0.22232513,-5.597335238068617,443
60,0.21970443,0.21970443,5.320601284426143,444
239,-0.21926084,0.21926084,-5.389660345715647,445
270,-0.21594684,0.21594684,-5.1981134549102155,446
6,-0.20710985,0.20710985,-4.743482215415576,447
114,0.20443346,0.20443346,4.934689761608421,448
378,-0.20218578,0.20218578,-5.052844223930254,449
268,0.19862172,0.19862172,4.822138901366183,450
243,0.1982724,0.1982724,5.012768958718448,451
134,0.19007246,0.19007246,4.951111257619826,452
82,0.18764699,0.18764699,4.385652063277564,453
485,0.18348573,0.18348573,4.563600774524237,454
392,-0.18051505,0.18051505,-4.353524410778777,455
326,0.17713271,0.17713271,4.348346204065148,456
88,0.17231445,0.17231445,4.2616165527072285,457
222,0.17043076,0.17043076,4.177979284405625,458
372,0.16805004,0.16805004,3.920813153483143,459
472,0.16188629,0.16188629,3.958404853464603,460
298,0.15997277,0.15997277,3.941678086773007,461
195,-0.15668133,0.15668133,-3.7432011553758895,462
201,0.14822067,0.14822067,3.7626601570068288,463
24,0.14370792,0.14370792,3.633434236818912,464
94,0.14075644,0.14075644,3.5009331582604846,465
508,-0.1394946,0.1394946,-3.2830265617027186,466
436,-0.13630427,0.13630427,-3.2531083082917993,467
158,0.13618103,0.13618103,3.3411832373629755,468
285,0.13471363,0.13471363,3.301355126367605,469
308,0.13150245,0.13150245,3.180719446343294,470
183,0.12921168,0.12921168,3.2722429189110813,471
407,-0.12673639,0.12673639,-2.991208062272961,472
235,0.12579186,0.12579186,2.99563128418187,473
111,-0.12246078,0.12246078,-3.0439869804020447,474
430,-0.120373555,0.120373555,-2.922118290657539,475
448,-0.1189949,0.1189949,-2.9140636407640335,476
233,0.11723403,0.11723403,2.7187706267774012,477
468,-0.10923661,0.10923661,-2.551647700975282,478
400,0.107711576,0.107711576,2.63122425035225,479
231,-0.10312487,0.10312487,-2.474852140011417,480
145,0.10299099,0.10299099,2.634507170286335,481
454,0.09866109,0.09866109,2.3800292171536266,482
19,-0.09828082,0.09828082,-2.3186727927302604,483
172,0.09244613,0.09244613,2.3111642626423428,484
471,0.09136471,0.09136471,2.1040406389585717,485
389,-0.090338625,0.090338625,-2.2857686329820712,486
365,-0.08419603,0.08419603,-1.9867040316670177,487
281,-0.083488755,0.083488755,-2.0234907253749093,488
9,0.08237359,0.08237359,1.928016686925825,489
287,0.07382803,0.07382803,1.74863814955155,490
320,-0.06298547,0.06298547,-1.5338047755714448,491
230,0.06271109,0.06271109,1.510261943775824,492
159,-0.055919208,0.055919208,-1.3963659247626057,493
232,0.051875938,0.051875938,1.2393736812955278,494
174,-0.044992745,0.044992745,-1.1093733336270373,495
204,0.04264524,0.04264524,0.9529689323778283,496
97,-0.038549654,0.038549654,-0.89435788203485,497
306,0.035280515,0.035280515,0.8812556620420289,498
188,-0.032467883,0.032467883,-0.7709867271471622,499
277,-0.03184373,0.03184373,-0.7820767514588925,500
465,0.02589735,0.02589735,0.6275185772529366,501
358,-0.024084723,0.024084723,-0.6181631551739668,502
152,-0.022926843,0.022926843,-0.5712008547607235,503
309,0.021060448,0.021060448,0.5133614163095773,504
187,0.020843709,0.020843709,0.4898322389805281,505
176,-0.017719118,0.017719118,-0.4020700346587222,506
355,0.016855773,0.016855773,0.4111468769183028,507
507,-0.008425796,0.008425796,-0.20497289365216254,508
215,0.00787508,0.00787508,0.18680587662993733,509
170,0.0062164487,0.0062164487,0.15412973583946474,510
42,0.0022062585,0.0022062585,0.05305457014106528,511
479,0.0020120966,0.0020120966,0.049306987128161714,512
