manuscript_id,true_index,probability_1050,probability_1100,probability_1150,probability_1200,probability_1250,probability_1300,probability_1350,probability_1400,probability_1450,probability_1500,predicted_index,true_label,predicted_label,confidence
990000463230205171,9,0.00880156541034701,0.008087318182257408,0.011270176672134787,0.0058162090355852545,0.007285218571457127,0.39139096017954034,0.043166477248403765,0.01559726176312911,0.49748599006937005,0.011098822867775235,8,1500,1450,0.49748599006937005
990000532390205171,6,0.01746428677450448,0.017895102756230713,0.028891307021639886,0.02645616467909089,0.013611154827968127,0.29039608773514963,0.13522104750394404,0.10711719129852602,0.28964179513762595,0.07330586226532022,5,1350,1300,0.29039608773514963
990000543280205171,6,0.10635669708726964,0.05170766715999091,0.05139364079379524,0.05974332604218998,0.18573519505891517,0.06493699676679532,0.14937193771144808,0.01053162467026076,0.287056475243303,0.03316643946603189,8,1350,1450,0.287056475243303
990000548920205171,4,0.03477104307265262,0.046881455430185265,0.011348025364764596,0.10920489328742684,0.20388167688346368,0.13441913073799422,0.14676056194962983,0.08246087083302255,0.2177651489227702,0.012507193518090178,8,1250,1450,0.2177651489227702
990000559250205171,8,0.01589156190418953,0.022710073985636355,0.012086711205940466,0.016650641700715015,0.0060144331130176035,0.17855034478028767,0.11092535741460428,0.02232395390385751,0.17270958453165647,0.4421373374600951,9,1450,1500,0.4421373374600951
990000569000205171,8,0.014745489253129733,0.02344688242030279,0.027860583324063146,0.028083490776865814,0.07459836850038021,0.1087488175344814,0.00734134285832873,0.041553631484434736,0.4974656206217092,0.17615577322630427,8,1450,1450,0.4974656206217092
990000578830205171,7,0.0379438902835048,0.041685837116090044,0.04502066493898656,0.025113421475944864,0.09894584046102695,0.023295228928447327,0.11723549918906302,0.3212222735404544,0.1224778445811186,0.16705949948536344,7,1400,1400,0.3212222735404544
990000589100205171,7,0.05808076550604852,0.030892376555719494,0.01625648059283599,0.021899843657416332,0.016691091197065796,0.07461999443401264,0.562968553168429,0.19697501454081257,0.01510454569185467,0.006511334655804963,6,1400,1350,0.562968553168429
990000592890205171,7,0.015922277665471,0.022450676758807405,0.01807753012693193,0.03751860996112308,0.01743085847287011,0.32110812390774507,0.0819484457751394,0.05351249969916103,0.3392315187488098,0.09279945888394128,8,1400,1450,0.3392315187488098
990000621880205171,4,0.0615310069056306,0.05711069278064436,0.026403841495386896,0.10148455021785642,0.11817714664569859,0.046482160282782355,0.27439697822300846,0.2079580693893792,0.07610406062595866,0.030351493433654526,6,1250,1350,0.27439697822300846
990000628890205171,8,0.0170904349442215,0.0097695311529826,0.00869261447051721,0.007202349563209562,0.051443739807976986,0.004597045128095367,0.021096163668609762,0.10548869285018217,0.7353599439329344,0.03925948448127055,8,1450,1450,0.7353599439329344
990000629920205171,8,0.034886970538411305,0.03475010336432545,0.031068929192567582,0.03142731766901016,0.0500095421230034,0.06475665721386666,0.19228749323229613,0.3088563469216191,0.221240346352268,0.030716293392632214,7,1450,1400,0.3088563469216191
990000661240205171,5,0.02795486004717711,0.05349009364202159,0.026796051550811356,0.0391535446862422,0.06913572609112316,0.15176417898601222,0.17568247921175129,0.25447234708041466,0.12199662379602977,0.07955409490841663,7,1300,1400,0.25447234708041466
990000672550205171,9,0.01979594816266769,0.02818074543427983,0.030280954979066122,0.04692701480809811,0.01668926516661985,0.05691180814411397,0.010439943538113202,0.09164399014490694,0.4623008702127922,0.2368294594093421,8,1500,1450,0.4623008702127922
990000685220205171,7,0.015091556794885393,0.012995008946040927,0.010555708735434996,0.043501465753411794,0.008240724927606035,0.10435851203061232,0.006634377451808836,0.09292103086541798,0.42514506107433525,0.2805565534204465,8,1400,1450,0.42514506107433525
990000687070205171,8,0.009541125963580211,0.01241568791740304,0.020838676361631,0.0050227449866773076,0.06394860249940645,0.06386191299846518,0.18857001266785886,0.26825823848416563,0.2961047551849164,0.07143824293589589,8,1450,1450,0.2961047551849164
990000687640205171,5,0.03983123928246641,0.020428043642266035,0.030760261051528244,0.021769910646059897,0.3119015230536001,0.13963474853961053,0.2864133277560103,0.020714014897993897,0.055136023737126,0.07341090739333853,4,1300,1250,0.3119015230536001
990000689170205171,5,0.03651991778703403,0.03113857812311154,0.0278527572205192,0.08742403723550417,0.2688665781218014,0.07632180858520257,0.09918342485601413,0.10547448529775781,0.20362901576673612,0.06358939700631897,4,1300,1250,0.2688665781218014
990000689930205171,5,0.010085475292527164,0.012626915849654065,0.012403821496588046,0.10085679572010811,0.5550931063184361,0.07636055237324504,0.013665209174976899,0.09195583007439097,0.08445600833408078,0.0424962853659928,4,1300,1250,0.5550931063184361
990000689940205171,5,0.031226736398981086,0.022029525383574552,0.037870954069468964,0.07604794715613356,0.03720236861864751,0.05452491379587668,0.09720408237054899,0.05774797218814978,0.5114540440255001,0.07469145599311883,8,1300,1450,0.5114540440255001
990000689990205171,6,0.040607115804916695,0.04989798524458779,0.04485516826958051,0.06791601516790231,0.030325710009948086,0.29855609576820896,0.12664427790899638,0.1745378163616869,0.12331767006547027,0.04334214539870212,5,1350,1300,0.29855609576820896
990000695610205171,8,0.019262991131832673,0.014946530888611849,0.03476130356071208,0.009742665585580217,0.01479804898385272,0.03271002942679203,0.03281019682214219,0.4829488420861814,0.28269358725358373,0.07532580426071116,7,1450,1400,0.4829488420861814
990000704990205171,7,0.05109609052727768,0.015929295057325026,0.02218029945132849,0.023352546769923693,0.1789483778314041,0.019171218656301624,0.1343913791121053,0.33902951488550914,0.19102865020772328,0.02487262750110169,7,1400,1400,0.33902951488550914
990000707360205171,7,0.01052124138327414,0.028011287884418687,0.020418215176837576,0.020903696264362028,0.02509903212269116,0.027249939966063043,0.23461095817798838,0.49449558620190087,0.11114799764898375,0.027542045173480374,7,1400,1400,0.49449558620190087
990000707370205171,6,0.027323752788979947,0.01742810618047156,0.013813629628218794,0.0075229713180824985,0.30562295975737913,0.012228082848136115,0.4426872519257131,0.06672586283744109,0.023091915661456835,0.08355546705412104,6,1350,1350,0.4426872519257131
990000707390205171,6,0.016224788519449543,0.0273732628388844,0.013565438887040012,0.05017880797906002,0.06512945054958419,0.14398539953746112,0.2264229557205064,0.0812632047518813,0.33098898180309,0.044867709413043,8,1350,1450,0.33098898180309
990000707530205171,6,0.0547536870427514,0.04063842612005826,0.025107147404668826,0.024110758833551533,0.2082837223885101,0.12278170452513562,0.2878613505521416,0.11556639296746217,0.05473618391714061,0.0661606262485799,6,1350,1350,0.2878613505521416
990000707590205171,7,0.01612930886585215,0.028594269828757193,0.015122574157782788,0.020288899500237587,0.2581025426074402,0.2869825347112735,0.05049932794347332,0.2011813460386861,0.09826553776432662,0.024833658582170556,5,1400,1300,0.2869825347112735
990000707690205171,6,0.024016209545558317,0.036168285737151834,0.025881473267741532,0.0592160805756381,0.08624324724767556,0.006690224524868028,0.1797800182604558,0.028167536683128123,0.48125250803369424,0.07258441612408842,8,1350,1450,0.48125250803369424
990000710530205171,8,0.028388970007898976,0.01800715650249389,0.0576290004874699,0.08605654756793349,0.18879423203800327,0.04768939187439918,0.07381282006219804,0.040178783069687425,0.4196058349944291,0.039837263395486704,8,1450,1450,0.4196058349944291
990000724440205171,6,0.02227166542236671,0.03356825825629543,0.023639592586566602,0.029007998690957635,0.13952085749331672,0.025873455967200844,0.0382414250104646,0.016395337168141736,0.6159124404153946,0.05556896898929509,8,1350,1450,0.6159124404153946
990000724450205171,4,0.06181683999714283,0.032427476754294464,0.04717065120591358,0.276159476382486,0.3009801349121572,0.06613031890744445,0.13574267658615397,0.019529071105565742,0.04579272008921929,0.014250634059622493,4,1250,1250,0.3009801349121572
990000726390205171,8,0.013094256111343527,0.012915593266032444,0.0171837907126064,0.04394579232700692,0.06930348581113406,0.5643332552001806,0.05035404752323976,0.07437917643178366,0.105392238156193,0.04909836446047968,5,1450,1300,0.5643332552001806
990000726630205171,9,0.013193287565909408,0.013182899451646553,0.022536817308520543,0.011971305688657046,0.05630275918261149,0.05417621173123915,0.04111526948327463,0.4199972792345548,0.2458660669637053,0.12165810338988108,7,1500,1400,0.4199972792345548
990000727170205171,5,0.03016736069440446,0.029129777524493587,0.031056187618203324,0.13318638381681702,0.08785544625741477,0.08927140446306911,0.03841034229232264,0.19174718846386674,0.14371229015341616,0.22546361871599216,9,1300,1500,0.22546361871599216
990000727650205171,8,0.034676576013856666,0.026177282248614705,0.028477066848506837,0.01819736835413558,0.0453381234164406,0.23842376192535603,0.2073563855091942,0.2248434658917864,0.10033496676977534,0.07617500302233368,5,1450,1300,0.23842376192535603
990000727920205171,7,0.038417476520070354,0.02267115533979448,0.024051970317825945,0.08828363225687955,0.16289599213606706,0.302725999743888,0.14496874533821644,0.17656458940690822,0.023237356070660513,0.016183082869689468,5,1400,1300,0.302725999743888
990000727950205171,4,0.014375607795996989,0.02553848018167837,0.02003838933327708,0.42950846660435177,0.08726686614198047,0.1987556193541937,0.048066379035740826,0.041937001571053054,0.11748092317352014,0.017032266808207644,3,1250,1200,0.42950846660435177
990000728000205171,5,0.02042018626929736,0.0329911256517614,0.057026525982534534,0.04543100627081713,0.05175457351597196,0.07993440295438255,0.29736960656135303,0.19412544652006983,0.13914374481586156,0.08180338145795067,6,1300,1350,0.29736960656135303
990000728260205171,7,0.020927957482590496,0.01915327692761701,0.014845328517725622,0.04283751703607674,0.3087385902294359,0.07587758785258646,0.07774787739608122,0.19938384100261197,0.1060245829073719,0.13446344064790267,4,1400,1250,0.3087385902294359
990000728330205171,8,0.01416539481344378,0.024390855903599323,0.024525949412355037,0.051209280227538755,0.06016490188771804,0.06945043549257916,0.02774192918092855,0.0710605928475269,0.6020110160749593,0.05527964415935108,8,1450,1450,0.6020110160749593
990000729840205171,8,0.0466835436621217,0.016301145764678077,0.07726887101410207,0.031476828725578436,0.12906682447050083,0.03335813107435049,0.017337873707062218,0.2000866274663248,0.3453540816845965,0.1030660724306848,8,1450,1450,0.3453540816845965
990000732780205171,7,0.006501768288445884,0.009835681433921132,0.007760276918287015,0.007079245502144829,0.006380661562897521,0.04846958685632805,0.015554405925654026,0.5512196474786591,0.320398112814324,0.02680061321933834,7,1400,1400,0.5512196474786591
990000751130205171,8,0.017449096523333284,0.018415956657997806,0.02172408301438338,0.06261772008405937,0.03149955669050461,0.05545366522148435,0.03305940915377023,0.04684807283758275,0.4298587587905137,0.2830736810263705,8,1450,1450,0.4298587587905137
990000751360205171,8,0.006360124318647792,0.006622425300022288,0.009254873966251144,0.009385128912648522,0.03041419595002707,0.7978237740892343,0.022638336947306513,0.04060851314007435,0.049452352865272706,0.0274402745105152,5,1450,1300,0.7978237740892343
990000757140205171,8,0.021544792150734734,0.01569096605519195,0.020995243123113645,0.06181038149940658,0.042611067864751426,0.021942787149225918,0.03210799064135257,0.09106985725266335,0.620607127194049,0.07161978706951083,8,1450,1450,0.620607127194049
990000769450205171,6,0.04544834189965661,0.03264489422049703,0.06749590975582892,0.030743652671797007,0.21769841151927805,0.027771237890290963,0.33856947022613687,0.06277970870634646,0.12482539839655118,0.05202297471361689,6,1350,1350,0.33856947022613687
990000773370205171,4,0.04908843510016015,0.04296973067862357,0.049829186351498474,0.08951826836394342,0.04903620056667423,0.07334595304062591,0.2304650784877427,0.18179318828178434,0.17717127668767382,0.0567826824412734,6,1250,1350,0.2304650784877427
990000773650205171,7,0.015513408869291248,0.030208622646818853,0.015727436873674918,0.011785263011279454,0.012251810604635937,0.06631733168850068,0.0419696678732584,0.12316368534299754,0.5418462829161395,0.14121649017340354,8,1400,1450,0.5418462829161395
990000773740205171,9,0.040526828932217276,0.060617774444643856,0.01250622366744422,0.24714533511482625,0.020671785649676293,0.14727970663568737,0.06141170904130965,0.042276311181852676,0.3026981950006087,0.06486613033173373,8,1500,1450,0.3026981950006087
990000779480205171,8,0.021788615814783023,0.034737949199657545,0.021309701109911056,0.028918251931117935,0.05370194032423019,0.0026087481304474234,0.08287458726850191,0.2174983044164907,0.30103203226490854,0.23552986953995161,8,1450,1450,0.30103203226490854
990000779660205171,8,0.02758890614134426,0.011330169356525404,0.014189681790088504,0.020616852126227568,0.014645972494907117,0.0820037825913008,0.04023474070749545,0.07300367968777181,0.0832243994193481,0.633161815684991,9,1450,1500,0.633161815684991
990000782780205171,7,0.016684267571986478,0.019315675704308765,0.02685414325048593,0.014033705299839723,0.06098338131019615,0.1628368310700325,0.1727287912046382,0.3175853920721096,0.1635870800887137,0.04539073242768892,7,1400,1400,0.3175853920721096
990000787510205171,7,0.00690409856584099,0.00768375006735045,0.007514876350613772,0.011393218183216836,0.0455440803812994,0.0069991413289822065,0.030518008553510424,0.057808275907803346,0.821482103312277,0.004152447349105564,8,1400,1450,0.821482103312277
990000787570205171,4,0.0036795896484073543,0.003141964808051865,0.0059294266682603765,0.0343850878860312,0.8409325445565875,0.0018889052523817238,0.007691415723748089,0.046229404580863304,0.049389021126346924,0.006732639749321625,4,1250,1250,0.8409325445565875
990000787860205171,7,0.019997712790833067,0.01858856505349203,0.02482488851186974,0.025049376080384128,0.11556729851718049,0.013119088692455956,0.10753715954615505,0.024591341340651683,0.6100599363815677,0.040664633085410115,8,1400,1450,0.6100599363815677
990000793620205171,8,0.017716341566739503,0.018286740200065658,0.030091134754190233,0.017350164959199013,0.037005066474139946,0.008294458882095046,0.016271139506585857,0.023354385576414827,0.6862114079008919,0.14541916017967807,8,1450,1450,0.6862114079008919
990000794040205171,9,0.02344039340699579,0.031089399753644845,0.01862961519910888,0.0643281948244207,0.13981686519359984,0.039129110874362,0.18817786654343224,0.02472199588459552,0.24103882757144215,0.22962773074839798,8,1500,1450,0.24103882757144215
990000794500205171,9,0.03649497954656886,0.01740727932499733,0.054666937324812453,0.015096688624657439,0.013684761211428293,0.05463580876778595,0.07039653697987466,0.08174024999211918,0.4664158323780559,0.18946092584969992,8,1500,1450,0.4664158323780559
990000800070205171,7,0.006551658675881995,0.010882879603559121,0.008006027719183765,0.0056721744241076425,0.017877180127558328,0.04316409903058565,0.024553094633473806,0.8151728935676809,0.02475308328589855,0.043366908932070264,7,1400,1400,0.8151728935676809
990000806130205171,7,0.016654054898350864,0.014552706664461366,0.03398767553308438,0.119139761189534,0.6183246527140027,0.058686417873087926,0.014430946368405896,0.010619549741982868,0.09004492884452044,0.023559306172569613,4,1400,1250,0.6183246527140027
990000806340205171,8,0.024136834150434806,0.02097956512732427,0.047531064078899,0.15931706223063238,0.314272226296732,0.02528054945098396,0.06939156399874072,0.12198132770720843,0.1614301674347515,0.05567963952429289,4,1450,1250,0.314272226296732
990000811450205171,7,0.013571189967929007,0.02681384585558152,0.018654487396494338,0.012394276535517277,0.0654066233467508,0.038142420325120774,0.2933318346394187,0.04647299287249982,0.20251211231126942,0.28270021674941836,6,1400,1350,0.2933318346394187
990000813960205171,6,0.030594867069581214,0.014965401114305301,0.04501935341931733,0.04612115157257308,0.2698942190639606,0.052876130817422276,0.06962543645574308,0.024293671118338977,0.4176132073523558,0.028996562016402314,8,1350,1450,0.4176132073523558
990000814240205171,8,0.024646482596833566,0.01856541410393335,0.02616312606192879,0.0341368279664192,0.29278755417499164,0.0771226900361237,0.11203513713563215,0.0346056891726575,0.1911400112263915,0.1887970675250886,4,1450,1250,0.29278755417499164
990000817090205171,7,0.025111161330718414,0.017661515101090233,0.028405087997314452,0.02246948933602644,0.01425281753597228,0.038401806801370834,0.14504342348858917,0.4683927175801482,0.12486594055835779,0.11539604027041214,7,1400,1400,0.4683927175801482
990000819900205171,5,0.014776857798177263,0.01399130478189338,0.028459696179293007,0.01335344231600033,0.04018960695875031,0.026169598188429406,0.12017160809874851,0.5859303581907338,0.14471725049618178,0.012240276991792158,7,1300,1400,0.5859303581907338
990000820410205171,9,0.012384637125957259,0.01236142494818382,0.006681033974794712,0.04258131866323195,0.0495676338664015,0.052677990326476846,0.016767314748683492,0.022755037867784565,0.7222151767849057,0.06200843169358009,8,1500,1450,0.7222151767849057
990000820440205171,8,0.010256468952097244,0.019144024055813696,0.012526549136368527,0.0066305856637750285,0.010091435463484209,0.07988379631919135,0.09866745692116291,0.04586547687241253,0.679705937574262,0.0372282690414325,8,1450,1450,0.679705937574262
990000821580205171,9,0.019039924301913213,0.025278680795293208,0.0432093718495559,0.02936507515185146,0.06557422871735144,0.04085473668502703,0.029811850440534342,0.060899561264851895,0.1791144073050267,0.5068521634885949,9,1500,1500,0.5068521634885949
990000825110205171,8,0.01549250462124933,0.011910459546536441,0.020135679135610197,0.006750272499061337,0.05866327072166104,0.020382487618036415,0.10448015686198964,0.06438515749957091,0.654462199840935,0.043337811655349674,8,1450,1450,0.654462199840935
990000827000205171,6,0.025050054658591295,0.02439017649081822,0.021147327434304142,0.2183530599726195,0.13846372091082804,0.19550411210809823,0.06918265167664357,0.08940963610484295,0.18705947074364448,0.03143978989960952,3,1350,1200,0.2183530599726195
990000828190205171,8,0.017691672540783694,0.018705523470936417,0.017184184446046188,0.18486699987330912,0.048968184678636104,0.25090840772923845,0.01517493081327854,0.06470992632769859,0.22317813091729682,0.1586120392027761,5,1450,1300,0.25090840772923845
990000832490205171,8,0.025350788341341676,0.014662232243963005,0.03111302829435734,0.044220619911587634,0.15636205323448418,0.06600892199833246,0.1141034491000517,0.2397011533681686,0.21273113633632051,0.09574661717139289,7,1450,1400,0.2397011533681686
990000833930205171,7,0.031976089783500514,0.016533198533178313,0.013904868581272005,0.02880268349942439,0.10508318189845765,0.24707267963584545,0.24664007566660665,0.2161312359151438,0.07441671720369487,0.019439269282876353,5,1400,1300,0.24707267963584545
990000834970205171,4,0.05354651476693802,0.019312062383319825,0.07798552387440794,0.09458235209725227,0.31184309326019616,0.047442252532290265,0.1334640932279157,0.11217279093744253,0.09892929966842898,0.050722017251808305,4,1250,1250,0.31184309326019616
990000843440205171,7,0.027854888478308172,0.010715094594583214,0.015641645048179286,0.020870941524004136,0.18606162046521074,0.015023924550311284,0.10501360309020714,0.21865148236841656,0.3905687978251916,0.0095980020555879,8,1400,1450,0.3905687978251916
990000843540205171,8,0.06064548636561591,0.04479621431604734,0.035632663634555695,0.11843377830127227,0.12127209945563357,0.1935537838034525,0.12785738738198135,0.06816327879782542,0.16209658864035045,0.06754871930326554,5,1450,1300,0.1935537838034525
990000844620205171,5,0.05489008714336832,0.011838657321427313,0.04162781723721491,0.20591983359353258,0.49736174507806064,0.03720484512208748,0.09906855129455204,0.03123745965915705,0.010556999931602229,0.010294003618997412,4,1300,1250,0.49736174507806064
990000858570205171,9,0.044441229486467566,0.0325017446599082,0.03812413881875872,0.09070147526524334,0.04167223259698947,0.4973772757500494,0.1336945036689244,0.07082533978974148,0.011230584309344132,0.03943147565457336,5,1500,1300,0.4973772757500494
990000862440205171,6,0.05550053228295381,0.015892253433310598,0.05463118906779535,0.024444477584576352,0.07058155878345591,0.04313807221938675,0.24815430160795593,0.08733087848871093,0.305246861187861,0.09507987534399341,8,1350,1450,0.305246861187861
990000871760205171,7,0.012675830753644835,0.007002731015550375,0.013622801228750649,0.010466111524962655,0.3227183870543916,0.01989185512761454,0.4947702189115998,0.038925776308040866,0.021085709844497466,0.05884057823094721,6,1400,1350,0.4947702189115998
990000871790205171,8,0.025116448502597574,0.015356740350478224,0.026309041506276096,0.01962842385448371,0.15930309275453175,0.0861987087798984,0.0992288744267259,0.11381928847243276,0.39056364083435474,0.06447574051822082,8,1450,1450,0.39056364083435474
990000889850205171,8,0.022648566649707668,0.03019254126310329,0.03430470437531767,0.01705565432637397,0.017800923855351775,0.07983354318243385,0.03030317006607871,0.15364962574600913,0.2497299154972003,0.36448135503842366,9,1450,1500,0.36448135503842366
990000891380205171,8,0.06489848851674478,0.08016394831577733,0.04521060190024728,0.023859020966917246,0.06387793240159947,0.0362523033165005,0.07851811460129735,0.14216659597804213,0.41698349247511945,0.04806950152775448,8,1450,1450,0.41698349247511945
990000891760205171,5,0.03179989752665742,0.03306591168579982,0.030005348053990355,0.012354785525592292,0.02133152838567655,0.17123121454131027,0.26226917824559215,0.03754837969473438,0.30702428386996955,0.09336947247067721,8,1300,1450,0.30702428386996955
990000892890205171,5,0.023424374074715065,0.025428308111993578,0.031534406982324986,0.07798936954597811,0.1319974008725149,0.10849606793587324,0.07214469018337248,0.10255682416274615,0.3893908949981768,0.03703766313230462,8,1300,1450,0.3893908949981768
990000894080205171,8,0.012786054974313925,0.010051866660143731,0.014198870901335122,0.009643382784465849,0.03631732726711208,0.01685500774933111,0.029806846519378136,0.015206854293838352,0.39762279072509144,0.4575109981249902,9,1450,1500,0.4575109981249902
990000894090205171,5,0.020462205550949512,0.016211833969273483,0.025551732303748763,0.04724624079612834,0.027762206911751703,0.1042969371592713,0.20891737540427008,0.032480442824692465,0.03484273056973417,0.48222829451018023,9,1300,1500,0.48222829451018023
990000897110205171,4,0.08551569129263006,0.09113881019862133,0.06445785521458641,0.07756146862028201,0.10859600737640186,0.056618182017488854,0.09018856070032014,0.24856000208747947,0.1035123482348482,0.07385107425734168,7,1250,1400,0.24856000208747947
990000908210205171,8,0.06403823338215896,0.037589900155104695,0.01943577728061112,0.025890688064596965,0.04685569905073222,0.06998179587107954,0.10953733379604191,0.433109544775266,0.16078482632397187,0.03277620130043674,7,1450,1400,0.433109544775266
990000909450205171,5,0.027661679132677825,0.027160683401885058,0.03955955034669876,0.026280713663778123,0.06725253397104639,0.11758913718277625,0.26015543161856086,0.12846430623629587,0.18093053854224794,0.12494542590403293,6,1300,1350,0.26015543161856086
990000911150205171,8,0.01747211876006819,0.023230844214019462,0.031828958972208124,0.008282956930786994,0.026129623785549793,0.03106626470261962,0.49078410708707393,0.1311831405515497,0.1766973276039757,0.06332465739214854,6,1450,1350,0.49078410708707393
990000911600205171,8,0.015414670373505888,0.03826676879704542,0.045278081265657855,0.029684216671416935,0.07744796849498042,0.1557947556916184,0.3573517138154589,0.14465605821607974,0.06985757548784037,0.06624819118639609,6,1450,1350,0.3573517138154589
990000912270205171,8,0.01159719813644641,0.024227760906938164,0.0059767024170531875,0.010812360424412859,0.005309834777843453,0.0074433499927795055,0.01402849042642655,0.669011407139233,0.2441034779234425,0.007489417855424436,7,1450,1400,0.669011407139233
990000914110205171,7,0.02481431466261451,0.014511781795169692,0.035993956548929076,0.019471294954341637,0.06560766598932588,0.017406409832026574,0.03470062842516571,0.2505091510632978,0.5230547605758673,0.013930036153261818,8,1400,1450,0.5230547605758673
990000914320205171,7,0.03094325225422401,0.022783830286200183,0.03813100512988771,0.029725274805570225,0.031460033280225216,0.09231394989053866,0.06392054322571133,0.3433266099791223,0.2714663214691519,0.07592917967936845,7,1400,1400,0.3433266099791223
990000914710205171,8,0.017273397716764324,0.015160935809836028,0.01073185454374915,0.01712392050742306,0.018794987037619334,0.019594254433691588,0.4694556766911962,0.2085796147410391,0.20609825251850253,0.017187106000178705,6,1450,1350,0.4694556766911962
990000926860205171,8,0.013984483374970394,0.018248437522135685,0.011412405367044846,0.03317328803778472,0.1324750865241116,0.04182043163586762,0.046352961891595656,0.0375765925670628,0.569287908759642,0.0956684043197847,8,1450,1450,0.569287908759642
990000926870205171,7,0.016257608220790976,0.017932754200315003,0.016949161982175866,0.01664137750063162,0.01076442066661066,0.21291754384063832,0.08168930474091544,0.4166556452411401,0.13550924532832603,0.074682938278456,7,1400,1400,0.4166556452411401
990000927290205171,8,0.022466610609254926,0.02616613347542256,0.035344868889948526,0.10526853362338187,0.016727248699433466,0.0485479909601458,0.05462315248321087,0.29493865213094433,0.33718969642965363,0.058727112698603985,8,1450,1450,0.33718969642965363
990000938130205171,9,0.039256805488873295,0.046959921841356785,0.060170453457647544,0.03886290093482986,0.18317989357001682,0.20515067926617803,0.07173112615945987,0.16121882910237656,0.15708486736040675,0.03638452281885448,5,1500,1300,0.20515067926617803
990000940950205171,5,0.044150143033680235,0.025478078372954363,0.010194225449669659,0.006307425477903021,0.046253285606181596,0.141094915580016,0.660269924990805,0.044897008336889185,0.01578710618976308,0.005567886962137899,6,1300,1350,0.660269924990805
990000955240205171,5,0.042491527790487094,0.03521146222977772,0.0215239288458383,0.08248135646818465,0.12289519562383233,0.1451731602829229,0.02408780974436509,0.12334674247433272,0.36055908700374084,0.04222972953651842,8,1300,1450,0.36055908700374084
990000997940205171,8,0.010416283478246413,0.008948652102444107,0.024076636036869093,0.025775941304180178,0.017982698768035436,0.0046890220203442455,0.0066915247946461864,0.044773328885635594,0.7055628736127507,0.1510830389968481,8,1450,1450,0.7055628736127507
990001002860205171,7,0.03231110265558725,0.030160405339184067,0.008147757908914272,0.04736190097606063,0.015077436890654446,0.00950611493625123,0.07629901358461456,0.04117928365450092,0.6525176317484241,0.08743935230580854,8,1400,1450,0.6525176317484241
990001025070205171,4,0.05258953662282738,0.030050082760619552,0.04308965532119927,0.03192992793543409,0.01849328234167223,0.06319651891565274,0.2551243411409063,0.07283229265580243,0.23345575750262285,0.1992386048032631,6,1250,1350,0.2551243411409063
990001071910205171,6,0.010345169062480196,0.010403080116656437,0.007457881063340829,0.009429145772655861,0.015681082795395197,0.012101330241255643,0.01709701451702551,0.10858611795797923,0.7756140183988456,0.03328516007436555,8,1350,1450,0.7756140183988456
990001072110205171,8,0.02260436670592861,0.025348102471683228,0.02988014186050071,0.016449996976312328,0.03944362575426047,0.07151463404007619,0.24961392505989827,0.14452198809176284,0.3706416735376712,0.029981545501906143,8,1450,1450,0.3706416735376712
990001072240205171,6,0.014044383850770024,0.01160239354566496,0.014353556882834732,0.01798407979907921,0.09261992183498899,0.028197144697961682,0.04387054227948198,0.32883291206051524,0.4216767751235942,0.02681828992510898,8,1350,1450,0.4216767751235942
990001090670205171,5,0.03704523669414469,0.02437447976740482,0.037810930747111386,0.06474374489636986,0.5112146511642557,0.05853790672854378,0.03139746567633869,0.0472291670398607,0.07240021516931482,0.11524620211665561,4,1300,1250,0.5112146511642557
990001111140205171,8,0.058329714061568276,0.02457084953658141,0.11389636120342518,0.031893751365198855,0.04441705057914734,0.09032276734768463,0.2843108020366818,0.23405397905017833,0.10102099978332425,0.017183725036209952,6,1450,1350,0.2843108020366818
990001111860205171,8,0.031878651716592744,0.04895210948173321,0.02514714715120988,0.17887906374132323,0.008520408795116506,0.03763174669162007,0.08781793504014633,0.06481068003278248,0.2803404517906404,0.23602180555883517,8,1450,1450,0.2803404517906404
990001112040205171,8,0.027508898511345272,0.01693332188486814,0.03362845430251382,0.02518891177132855,0.013776496892384298,0.009253342838314528,0.061990907943382,0.06830940779852465,0.256047237907845,0.48736302014949373,9,1450,1500,0.48736302014949373
990001112520205171,3,0.04162124190006157,0.04381757838989838,0.024986780170821087,0.4037791394444744,0.08975111270271048,0.03548975287586193,0.08656740372276396,0.06478225778413164,0.1248370500004498,0.08436768300882673,3,1200,1200,0.4037791394444744
990001118560205171,5,0.05292057154132038,0.04335875814501838,0.031111494424091307,0.053579280395297565,0.26536836007905384,0.1716334624335192,0.11933711166195173,0.13684007827463063,0.1075333971340032,0.018317485911113814,4,1300,1250,0.26536836007905384
990001118650205171,8,0.03206852449365367,0.020495496050048235,0.011411421225440303,0.012296754129664182,0.045865253900949636,0.008254878972750498,0.13607929118205578,0.3755229470341861,0.24905396384067444,0.10895146917057721,7,1450,1400,0.3755229470341861
990001118700205171,8,0.029502608943845487,0.01049990597947561,0.038917631942499364,0.007166746998820701,0.018711878417252144,0.017716762841806385,0.0361154184983604,0.02846344560036918,0.7022998070297548,0.11060579374781587,8,1450,1450,0.7022998070297548
990001118720205171,4,0.036335569589122714,0.02951901898228301,0.024251326963020556,0.025828836025181795,0.3953267782451227,0.07279479582575386,0.35462469046450934,0.029040904090334746,0.018962141035587098,0.013315938779084215,4,1250,1250,0.3953267782451227
990001124770205171,6,0.017764087561185842,0.025939610212159275,0.010693469314402402,0.02190924014843643,0.05966281250373339,0.07737867212331188,0.510472156458932,0.06879134884373692,0.18226949058591885,0.025119112248183074,6,1350,1350,0.510472156458932
990001133380205171,8,0.020633966654590222,0.0180852669557792,0.028549360416678975,0.02637527087881581,0.05618645745672285,0.015585793309031346,0.05430870907272414,0.02532184835172902,0.2837013982003513,0.4712519287035771,9,1450,1500,0.4712519287035771
990001133390205171,6,0.039069645718835956,0.02110337331213435,0.030125453207269316,0.013976017403729573,0.040557105083427906,0.1117622730901705,0.06736722328887007,0.1477701345476259,0.5033349331774928,0.0249338411704436,8,1350,1450,0.5033349331774928
990001134580205171,9,0.041004121696486616,0.04293595901852525,0.02137666985629389,0.02241393947977769,0.01746763656858449,0.026138698462429676,0.15594824102474436,0.09791911257274784,0.11396989542018478,0.4608257259002254,9,1500,1500,0.4608257259002254
990001169950205171,8,0.02606463676646144,0.016566679131195382,0.03867244931898635,0.03776793987603383,0.03913747735712067,0.08271268247922463,0.383289016016922,0.11032718949302377,0.06306085105429268,0.2024010785067393,6,1450,1350,0.383289016016922
990001204430205171,6,0.011056319019107228,0.014313352789000412,0.018141691488724992,0.01563468173315417,0.1466512534914041,0.008191890332680068,0.06555937704166064,0.011203012453026599,0.6331598731035492,0.07608854854769258,8,1350,1450,0.6331598731035492
990001205140205171,4,0.08528386463145153,0.0400757749772654,0.057790497397785454,0.37443612915960356,0.07466882276293414,0.10720174662441677,0.03745160450399446,0.03628399425589496,0.06845014255620915,0.11835742313044456,3,1250,1200,0.37443612915960356
990001205230205171,9,0.08727907509056168,0.03610979754045314,0.041687783392289346,0.10814677602099483,0.0666701159181095,0.0587933861302841,0.04325676064518556,0.03850950346429937,0.41087625478417017,0.10867054701365231,8,1500,1450,0.41087625478417017
990001206250205171,8,0.007841336832792156,0.015564512981603343,0.006958921795266023,0.017548361236398653,0.01384222869605527,0.009874024509227933,0.039095397166040505,0.04897528782418448,0.8318433766216506,0.008456552336780977,8,1450,1450,0.8318433766216506
990001206510205171,9,0.04910741281315143,0.01170614047001873,0.05611668467609971,0.01893441611322474,0.029489111803606572,0.055043690054984634,0.07473681381719607,0.6047974914992811,0.08806269216304122,0.012005546589395828,7,1500,1400,0.6047974914992811
990001206670205171,8,0.0777105140903813,0.04700307218761875,0.08454880872937681,0.05820210819480164,0.032910535574076596,0.046699832160213915,0.06050352213174061,0.10786315498561881,0.24046405186249054,0.244094400083681,9,1450,1500,0.244094400083681
990001206760205171,7,0.0023984922147211422,0.0038457874323720425,0.005340369130138474,0.0006961893385435418,0.018643311541016606,0.02865794394311356,0.8443691025993355,0.07304611451886514,0.01736631317029548,0.005636376111598545,6,1400,1350,0.8443691025993355
990001207530205171,9,0.03161642146218467,0.02097500347479382,0.07378028228612521,0.07460358722105516,0.010474486506070801,0.5338626699258305,0.019141342323619227,0.024780006320501036,0.05903488365195481,0.1517313168278647,5,1500,1300,0.5338626699258305
990001207860205171,9,0.021358647667297042,0.022315013554543083,0.04153654350887466,0.1452166490552271,0.20154739267715013,0.1564732724437566,0.06345733195541634,0.14096334875942607,0.16718430584513852,0.03994749453317046,4,1500,1250,0.20154739267715013
990001209710205171,9,0.030434980112332827,0.012320836019969812,0.008737969703200647,0.03379297902917869,0.04127655192039558,0.0321881490643029,0.03354212649857695,0.02138993555074229,0.5951135881493561,0.19120288395194418,8,1500,1450,0.5951135881493561
990001209790205171,9,0.10536000093212562,0.043588392191772136,0.03831356500422047,0.038027291812749886,0.03207079522410617,0.08895610957954046,0.21590706293723058,0.21647018151117706,0.03542942218637724,0.18587717862070036,7,1500,1400,0.21647018151117706
990001209910205171,8,0.05751591270904445,0.01841997555840918,0.028285332421024396,0.025372828742116393,0.08848932791723951,0.04294495542893134,0.22053580062350592,0.2560911462282167,0.15535750819999142,0.1069872121715207,7,1450,1400,0.2560911462282167
990001209940205171,8,0.06461386193782782,0.03709305174657273,0.02958260832117468,0.044845211463205796,0.03320263257741388,0.04811749312477386,0.10207258406925013,0.04183884454859224,0.039922569561466524,0.5587111426497223,9,1450,1500,0.5587111426497223
990001209980205171,9,0.05194558684334529,0.006506882218070339,0.03881826347885319,0.0303206603306871,0.09715586939359992,0.06321893807698231,0.02731982860773333,0.07739169611200604,0.19098221730351705,0.41634005763520543,9,1500,1500,0.41634005763520543
990001211610205171,8,0.03549165352765421,0.030029086594007447,0.005223429432155459,0.012499996771974362,0.027019488510481464,0.047910089793199113,0.050607587110225775,0.3514428877666631,0.4357180892390391,0.0040576912546000125,8,1450,1450,0.4357180892390391
990001211670205171,6,0.015469327754729595,0.03852048553726226,0.012231929696255712,0.038287544291025315,0.007334267252607535,0.038783984272879345,0.03934956599567271,0.02901155694028395,0.35321709326322565,0.42779424499605795,9,1350,1500,0.42779424499605795
990001211710205171,6,0.05574987830494431,0.028428712223269367,0.01717225684882481,0.043025237637257095,0.04074724846601049,0.07863554212422112,0.11296448323487007,0.39480021134706156,0.20482350779261987,0.023652922020921244,7,1350,1400,0.39480021134706156
990001211820205171,6,0.04598867446681261,0.06308966925140862,0.030229518073860987,0.02884140583055876,0.04321595474896476,0.2274734592432568,0.24029375293026237,0.05183009094970057,0.23331910513629228,0.0357183693688822,6,1350,1350,0.24029375293026237
990001211930205171,6,0.09716213013232046,0.06428965628122407,0.03211048216802071,0.06070466037991015,0.016728439909433634,0.04044028690797407,0.3324041750574821,0.11359718851948995,0.19723050872074763,0.0453324719233972,6,1350,1350,0.3324041750574821
990001211960205171,6,0.02414046613647801,0.01969007616982803,0.008107472714008447,0.008188641377749866,0.05594399724510949,0.007926868945682482,0.5791490009320349,0.05246521767603609,0.22566377013347746,0.018724488669595144,6,1350,1350,0.5791490009320349
990001212050205171,4,0.1089151541656708,0.06575090742091065,0.028294875268687396,0.1651968715551684,0.0944223183569846,0.251385651302594,0.025514188765393887,0.05362169944311188,0.14914755267624843,0.05775078104522992,5,1250,1300,0.251385651302594
990001212100205171,6,0.023530752359612418,0.02664383484309707,0.018324663895807055,0.006602218981023485,0.046710879483995604,0.04909405328818847,0.5608679294811271,0.14483724393098527,0.11666650291542563,0.00672192082073798,6,1350,1350,0.5608679294811271
990001212430205171,6,0.04592016469622339,0.09895307990333885,0.023056329441103966,0.10094604287349719,0.11531917652274444,0.1477903223248907,0.2408275972927147,0.005960972806831476,0.17449211803692868,0.04673419610172665,6,1350,1350,0.2408275972927147
990001212500205171,8,0.03651246449499015,0.04037804318748907,0.019749979914439407,0.021935660084577462,0.0525095472373001,0.07175445053495809,0.08810780878146156,0.4656421048408109,0.16982857046836874,0.033581370455604526,7,1450,1400,0.4656421048408109
990001212630205171,8,0.04011528811371774,0.029445099053215948,0.018988579366630193,0.03229886116074655,0.026855479818113807,0.014270141735026857,0.13305285754213167,0.11559924872726118,0.39493138403092337,0.19444306045223264,8,1450,1450,0.39493138403092337
990001213410205171,7,0.10386865087369146,0.015501332625610011,0.03912319298702257,0.027202091819035646,0.04031457549940504,0.06787426148605534,0.02741187032021005,0.11224993817119794,0.49449869281061326,0.07195539340715865,8,1400,1450,0.49449869281061326
990001218500205171,8,0.05396138948039944,0.029424566957878748,0.03758085925846176,0.05347857857499851,0.09242382596232508,0.36429038390385776,0.07986941007870048,0.052503576190955276,0.09871755664473379,0.13774985294768918,5,1450,1300,0.36429038390385776
990001218550205171,8,0.05276348872485333,0.05415085539241267,0.06558474324564043,0.02728854177271851,0.018276124914949697,0.09458271490600655,0.2637523034990945,0.025292763456760268,0.25019665165425997,0.14811181243330404,6,1450,1350,0.2637523034990945
990001218560205171,9,0.03447080957389339,0.03202365911359462,0.041952994383050675,0.055553117925114755,0.047246085774525756,0.21999148948398964,0.32340286046993083,0.014006625024289262,0.07258856375483502,0.158763794496776,6,1500,1350,0.32340286046993083
990001218590205171,7,0.04080399425487334,0.0445532359529553,0.06934764161136922,0.025248147859890664,0.056866151883527005,0.17023961613095742,0.07853154221143517,0.049783647664967,0.40298561507313907,0.061640407356885855,8,1400,1450,0.40298561507313907
990001218710205171,8,0.019649474136152242,0.03144969679945076,0.09255207804555506,0.016230787311229667,0.023776796598175463,0.0768083521754645,0.3434910767665123,0.19755891362631148,0.10266305603885917,0.09581976850228945,6,1450,1350,0.3434910767665123
990001219560205171,8,0.024520526302592095,0.010745676330602345,0.02088463148441438,0.03481418558851771,0.3492682279186923,0.01422815456825485,0.05942129363478601,0.003845931630109196,0.4267855794793211,0.05548579306270999,8,1450,1450,0.4267855794793211
990001219910205171,8,0.012442523522931332,0.02462485113007779,0.007959626901062763,0.008687002934568606,0.00712510565182654,0.03963186745477331,0.011102789717207552,0.2857232152261861,0.527779104739308,0.07492391272205806,8,1450,1450,0.527779104739308
990001219920205171,8,0.013517380904127494,0.02487551015959881,0.012731715298959173,0.010556773635237653,0.00948246999685511,0.12725125840867568,0.03053717411400726,0.04598423768829253,0.6360751081730714,0.08898837162117486,8,1450,1450,0.6360751081730714
990001220240205171,4,0.020752203504346204,0.013443526596407063,0.08439449850834001,0.01229874059812035,0.11711966064915134,0.021189700576856298,0.013341933326684183,0.15983387742507754,0.4909436313984022,0.06668222741661485,8,1250,1450,0.4909436313984022
990001221550205171,8,0.039290572875963395,0.05263569340651017,0.06009559497190217,0.059095404074078546,0.05674710344259094,0.08876647659257342,0.03945799342767692,0.07736096067431832,0.18109769709613716,0.34545250343824896,9,1450,1500,0.34545250343824896
990001222040205171,8,0.014639317114992162,0.020632724276733717,0.016729910047261563,0.01015444153871726,0.011307071544730285,0.01292539945862548,0.02155433653230449,0.15998199735568774,0.594160317271913,0.13791448485903432,8,1450,1450,0.594160317271913
990001224890205171,4,0.029543654716520307,0.04493536681459211,0.01989060912336804,0.038117903042428285,0.2011114106712688,0.05983086916134387,0.35925004384436254,0.11371473441991536,0.12296101983487456,0.010644388371326032,6,1250,1350,0.35925004384436254
990001229030205171,9,0.014297119306502994,0.007892760162542508,0.05153706509002144,0.011837133870441692,0.007960057973321362,0.004851338771618137,0.00335399655319049,0.03056266217725058,0.837196223869266,0.030511642225844755,8,1500,1450,0.837196223869266
990001229940205171,8,0.03376151497357128,0.017224335960597494,0.03301106725194894,0.03343531628709441,0.037044591141394904,0.08550950874610513,0.10407911306718245,0.280624313955571,0.2629412631521831,0.1123689754643513,7,1450,1400,0.280624313955571
990001231650205171,9,0.030293744224243187,0.021607731313732198,0.06839119331256815,0.024313472148823498,0.049316989655985945,0.027073097870828504,0.2960877931886114,0.06605718033839748,0.23701700283273652,0.17984179511407308,6,1500,1350,0.2960877931886114
990001232470205171,5,0.14221943072608204,0.03423184144036909,0.12534557902829208,0.052027848899356216,0.041795454570564244,0.057525456749405006,0.10169254029788696,0.10686956369412529,0.07302685019083242,0.26526543440308664,9,1300,1500,0.26526543440308664
990001233770205171,4,0.05759321531148221,0.03632792732583897,0.05150316032245045,0.18211393407010665,0.16842677293016395,0.17398822538920744,0.13079583826915697,0.07610460152312855,0.06756401789400397,0.05558230696446084,3,1250,1200,0.18211393407010665
990001249960205171,5,0.06455314912894966,0.036777238331364495,0.01379992096207678,0.028631992199822737,0.024122901832482065,0.046659417007888546,0.11603689526293129,0.18992282306468497,0.36363445280877227,0.11586120940102715,8,1300,1450,0.36363445280877227
990001262930205171,5,0.060096540428441196,0.03617619357827368,0.07672679592240192,0.18517483506127003,0.06929113205418468,0.2723164307087427,0.09141586425502843,0.035470478936165645,0.11253783405203291,0.060793895003458887,5,1300,1300,0.2723164307087427
990001263400205171,3,0.02869644612993893,0.04203894335130191,0.014648049366832594,0.5423102199529554,0.05441033904675562,0.09181241568883529,0.08255851451670837,0.03610260713411675,0.07343591063835878,0.033986554174196396,3,1200,1200,0.5423102199529554
990001265440205171,7,0.02360311081306686,0.012444140808179372,0.015567943580820287,0.018747219916551424,0.09864218361807135,0.01668109280109902,0.023555050670875297,0.015218927251827424,0.4538561408015774,0.3216841897379316,8,1400,1450,0.4538561408015774
990001268660205171,6,0.014165544576237954,0.014956335402046288,0.010176232744077553,0.04261468789572729,0.09781637812065812,0.1031620231751151,0.03345492401071382,0.011532209858502972,0.5665809349420716,0.10554072927484924,8,1350,1450,0.5665809349420716
990001278900205171,4,0.05098733992349403,0.024233360874867695,0.06595781436654913,0.03641578626678719,0.023653375466626807,0.16023938662378828,0.13975734574144874,0.22727740690932993,0.1697284114689497,0.1017497723581585,7,1250,1400,0.22727740690932993
990001283490205171,8,0.03222372531510919,0.04841229966513116,0.02415803771489108,0.07535690048617288,0.02563045958276831,0.041042934418602434,0.08900317075563619,0.10107508428526117,0.32273063018829057,0.24036675758813705,8,1450,1450,0.32273063018829057
990001287290205171,4,0.0074843392791862804,0.008933614298168439,0.010780901638975071,0.015469886356418147,0.08452369831467711,0.7037857517153424,0.01298316487851497,0.08881838398774397,0.04413634967081096,0.023083909860162736,5,1250,1300,0.7037857517153424
990001287470205171,3,0.06873650072221317,0.013282173059320968,0.20586573812998196,0.061384207722483625,0.3724033064903385,0.009859247497982133,0.0189171254395041,0.06781007009428137,0.13485568008235477,0.046885950761539376,4,1200,1250,0.3724033064903385
990001287490205171,4,0.031109948321972045,0.03537569442614745,0.025794500939400833,0.223496436793436,0.23867113023356673,0.025302186682898326,0.030120119042240184,0.03195340916807634,0.3003229590967479,0.057853615295514214,8,1250,1450,0.3003229590967479
990001287590205171,4,0.024888091877811144,0.013032778674379965,0.08133014004991415,0.16292512502590953,0.4175645125130454,0.1682830335343882,0.015855226808051404,0.024865184501199643,0.06358065044812623,0.02767525656717433,4,1250,1250,0.4175645125130454
990001287650205171,5,0.036162622890025524,0.02446954609412425,0.05207639215869739,0.09800525273665889,0.1927590708731924,0.09070709091279694,0.09096669028207861,0.09486649590224333,0.30653774506003434,0.013449093090148323,8,1300,1450,0.30653774506003434
990001287730205171,5,0.014638091276816192,0.013631951281352903,0.02109563377246802,0.13586937926054746,0.12286567943056276,0.5419004824021063,0.023467256661360195,0.025000545402573723,0.08678965828241131,0.014741322229801155,5,1300,1300,0.5419004824021063
990001289150205171,4,0.04446963697752137,0.014269574253566075,0.11337196518807299,0.04534497499513528,0.34751601063976717,0.07886352542570398,0.14948950546744055,0.14639070648604646,0.038820199728875744,0.0214639008378704,4,1250,1250,0.34751601063976717
990001289310205171,7,0.011986681616839667,0.0057352590516014205,0.014764770323065985,0.007430623609948699,0.009173364981962133,0.016296856236504845,0.6997688307955926,0.189135174771627,0.04149914855099517,0.00420929006186259,6,1400,1350,0.6997688307955926
990001289630205171,4,0.00946806317780591,0.008997896086589977,0.009835043415458716,0.031198674626369553,0.6105068230153179,0.13898222518763786,0.06494569214742206,0.06576782519309106,0.027686685941357675,0.03261107120894925,4,1250,1250,0.6105068230153179
990001289680205171,9,0.04386142963444926,0.022812052753069807,0.012970528624570455,0.03116889485478528,0.058119694222893294,0.023827922442290827,0.016059972775701117,0.27563492866484696,0.21316435908355388,0.30238021694383915,9,1500,1500,0.30238021694383915
990001290530205171,6,0.013854864719693067,0.01445654421389162,0.019890029735897527,0.012298682725685772,0.36676096997104396,0.007654217852287984,0.03727276084313951,0.29845585580437933,0.1777352719932102,0.05162080214077108,4,1350,1250,0.36676096997104396
990001291010205171,8,0.00785979909844386,0.004083391870118159,0.013026362082428253,0.0047664603625574556,0.025759183693913196,0.007938154709325835,0.05871792960994458,0.03602387275110301,0.8153899199339173,0.02643492588824838,8,1450,1450,0.8153899199339173
990001291060205171,5,0.023043843189558943,0.0166973376820037,0.035154703117230075,0.023380904887332202,0.05348978903197556,0.14337334675941638,0.08488508990602911,0.27622282509902396,0.2287775623675754,0.11497459795985474,7,1300,1400,0.27622282509902396
990001291310205171,8,0.03202163035867803,0.020563261611999267,0.017833738921133303,0.021620731623612128,0.018820764273517296,0.05971458350399491,0.13720973888789645,0.13655168543707155,0.4205093802862918,0.13515448509580522,8,1450,1450,0.4205093802862918
990001291670205171,6,0.045135817642075804,0.03037968457210224,0.03822606972179392,0.13419254985483559,0.05528413795147542,0.041240164992429565,0.023010516491524628,0.245569992864099,0.16447666455897564,0.22248440135068823,7,1350,1400,0.245569992864099
990001292150205171,5,0.021460458846288555,0.02335523281376294,0.01791435535794401,0.012748990685028487,0.13430425034050394,0.05027141243505365,0.05852155831357313,0.40719930776127783,0.25942708766622014,0.01479734578034731,7,1300,1400,0.40719930776127783
990001292460205171,8,0.03310604088048703,0.03507224523939683,0.018476183368457844,0.03433759596495707,0.026370681903624824,0.04384742574209268,0.2677962817836369,0.24047106264458995,0.27401950749666104,0.026502974976095852,8,1450,1450,0.27401950749666104
990001292870205171,9,0.025539341493991126,0.0070967833569618366,0.0065610544564148575,0.010713046373247765,0.0296193889250023,0.015172411757134916,0.04407801430727472,0.7195101443061315,0.0942692684615544,0.047440546562286634,7,1500,1400,0.7195101443061315
990001292950205171,4,0.10048124316247206,0.10928609739072805,0.021675747751041207,0.06248051000868533,0.06085514022732696,0.08382235523341437,0.36220561836514015,0.0808315653097076,0.08948798504538351,0.028873737506100804,6,1250,1350,0.36220561836514015
990001292980205171,6,0.032793081393642905,0.031380543852473165,0.012920892239378064,0.041609193365503803,0.017614090459288814,0.3624472578365912,0.2795203731026743,0.05201275028679908,0.16770377072763437,0.001998046736014266,5,1350,1300,0.3624472578365912
990001293040205171,8,0.03812620442663738,0.045378092540647355,0.017156145769788477,0.07004040707542805,0.0330076162753347,0.17308667365471997,0.1019624713180117,0.06389160165879412,0.3810706570328976,0.07628013024774058,8,1450,1450,0.3810706570328976
990001293490205171,8,0.047334065279777154,0.014551825902133846,0.009949528882855208,0.01832186803933095,0.3558441607772051,0.012243980005881856,0.06696223996687363,0.013375522672871974,0.44001692648447494,0.021399881988595316,8,1450,1450,0.44001692648447494
990001293920205171,8,0.014216191643030413,0.004589050441031391,0.008473378403502336,0.0063215438972742035,0.01221432846995681,0.005306238696449338,0.06745327184732186,0.13418752796219832,0.7439492622236135,0.003289206415621838,8,1450,1450,0.7439492622236135
990001293980205171,8,0.011311713521032855,0.007675597809712702,0.008843022670722601,0.031033131969390837,0.009186619334371962,0.06396289448856524,0.009810525137092435,0.09584376613771883,0.7311134337327218,0.031219295198670803,8,1450,1450,0.7311134337327218
990001294730205171,6,0.011783636029573084,0.019103257610235205,0.017732926893868274,0.019455280560725933,0.010139498306341898,0.07375912672180787,0.1252605698010098,0.12611109951407273,0.31910539611893024,0.277549208443435,8,1350,1450,0.31910539611893024
990001294860205171,8,0.01546983993200169,0.014391911689399784,0.008187065391605814,0.05987656877646437,0.005277893204261376,0.16116512537014863,0.016901158514030668,0.032720582771251505,0.07332922458392457,0.6126806297669116,9,1450,1500,0.6126806297669116
990001295160205171,7,0.009146506902385311,0.00889101043579687,0.02137393711628751,0.012052371379335203,0.014791234646813273,0.10970874273838253,0.6644365990530043,0.09903972645195762,0.037092555415023744,0.023467315861013555,6,1400,1350,0.6644365990530043
990001295370205171,7,0.021679551804711882,0.017200566192843634,0.024788476506806777,0.030134694485195516,0.08038405589686556,0.07062222940836085,0.29620234048936017,0.12584131955016986,0.0596957244652814,0.2734510412004043,6,1400,1350,0.29620234048936017
990001295560205171,7,0.04605855591352489,0.036309215391716367,0.09583752191462053,0.09876868899910946,0.04024730129914436,0.2046060942589272,0.10053144584392248,0.11222067422814433,0.17528386846951424,0.09013663368137614,5,1400,1300,0.2046060942589272
990001297510205171,9,0.05762392333134017,0.01933636217957369,0.011039715690971619,0.06062024461343689,0.01634037977928563,0.01388545344753735,0.0532487409404626,0.14642854181181042,0.246549010979332,0.37492762722624967,9,1500,1500,0.37492762722624967
990001297660205171,8,0.03654674921695087,0.03477115946382099,0.03862038833545463,0.11545266080550196,0.07368521995844005,0.037260802810759004,0.038969296422886136,0.06049526605594099,0.19306857937346997,0.37112987755677534,9,1450,1500,0.37112987755677534
990001299670205171,7,0.027682422947242765,0.02011589409987345,0.01935292077796252,0.011885534553092771,0.0213182864664117,0.10499700397903966,0.1792879598726879,0.03659016536303974,0.38050089224406647,0.19826891969658306,8,1400,1450,0.38050089224406647
990001299930205171,7,0.01709407452316998,0.009719644219556553,0.01762416939779507,0.008744135067375768,0.02109598841388801,0.005006569409446009,0.24985197981482313,0.038946326478376606,0.6144271408625114,0.017489971813057528,8,1400,1450,0.6144271408625114
990001300390205171,6,0.02208853543443424,0.01889816655861954,0.00959794651745439,0.008421140163915854,0.06628665343461373,0.021459281004997676,0.21637438241670628,0.1700722692008575,0.4614911082340548,0.005310517034345976,8,1350,1450,0.4614911082340548
990001300420205171,8,0.016141323962989493,0.010943577526240613,0.009413059489881475,0.012139640276676016,0.044994334775495706,0.006143577715021836,0.016898619252624203,0.09854008235521405,0.7614189344696066,0.023366850176249957,8,1450,1450,0.7614189344696066
990001304830205171,7,0.021903545960390153,0.035039586902104757,0.021023416276025792,0.022537802849486192,0.129814680799001,0.14849151804587626,0.0938151494648933,0.146980298230083,0.13623254679640195,0.2441614546757376,9,1400,1500,0.2441614546757376
990001305140205171,8,0.004150929699280541,0.0023196826859265655,0.004607111282619377,0.0013536147174777165,0.004483269450566373,0.0020620128201034984,0.014484322105846105,0.038214543087579725,0.924757986842354,0.003566527308246095,8,1450,1450,0.924757986842354
990001305510205171,7,0.021353966613902795,0.05041719702754251,0.018058682911372956,0.029795971395033875,0.23258565473444762,0.06578300747687253,0.03231833368718845,0.10661404645222655,0.19018431950707385,0.2528888201943389,9,1400,1500,0.2528888201943389
990001306000205171,7,0.009158475235535654,0.041073227151228464,0.008209202726822743,0.010435738890098632,0.025487872800185326,0.012602829655226275,0.04899527951151335,0.19978148481937696,0.6289860478768973,0.015269841333115325,8,1400,1450,0.6289860478768973
990001306390205171,9,0.01870389556639355,0.023751215399339266,0.01698126856650193,0.02217308080940352,0.01410770359393133,0.02577891956884853,0.03449170766700667,0.15979986892839582,0.5661667956241443,0.11804554427603511,8,1500,1450,0.5661667956241443
990001306480205171,6,0.03466933963242444,0.03535106624313212,0.0207764526672401,0.03515550813370588,0.02067142400471049,0.03001356395330355,0.03377377112911001,0.3084925575544717,0.37279834388850747,0.10829797279339431,8,1350,1450,0.37279834388850747
990001306740205171,8,0.013205646571272565,0.02182238103410493,0.007974367207007812,0.007509232924618437,0.005499904915875404,0.009395566264890973,0.1779117375340894,0.2262113131132423,0.5020629364816068,0.028406913953291348,8,1450,1450,0.5020629364816068
990001307210205171,8,0.020258110354551873,0.02404559506791153,0.027182466354974722,0.026330687477292787,0.02892459855840348,0.0437333998112601,0.044916037995516696,0.1625323305755911,0.53902569506198,0.08305107874251778,8,1450,1450,0.53902569506198
990001307380205171,8,0.011359474736961465,0.02064501747198332,0.006140592501196127,0.014076047557966242,0.0067035062618653355,0.013414910682250574,0.05867232038202226,0.18761257961728797,0.6497923053134995,0.031583245474967186,8,1450,1450,0.6497923053134995
990001308040205171,5,0.01878445390232792,0.023906355783097924,0.012881427224478006,0.0703652399592011,0.2791220693569065,0.38688184775635825,0.10611099506450108,0.040074517875062395,0.033805301253950606,0.02806779182411628,5,1300,1300,0.38688184775635825
990001315830205171,8,0.010232248885831135,0.02190486502851585,0.03003960279483341,0.009891256766641161,0.019193113686753947,0.027020393619861704,0.01069114812629425,0.46865430742810593,0.33828564779882714,0.06408741586433546,7,1450,1400,0.46865430742810593
990001316030205171,8,0.021795076555498047,0.016834181167157243,0.02318250043064816,0.022901786587292635,0.09582163561871886,0.04903678689139295,0.037679396535097685,0.22912111324339843,0.45833391859745726,0.04529360437333876,8,1450,1450,0.45833391859745726
990001316210205171,8,0.004379045540085098,0.004360198398465825,0.0030959757964699667,0.0050302550065275484,0.004310849323860989,0.030181260597135804,0.013246996760300642,0.026879205499601787,0.8975263873680638,0.010989825709488681,8,1450,1450,0.8975263873680638
990001316750205171,8,0.009736957616450683,0.014868675748029657,0.014474382713695708,0.010650004073920116,0.012614483548787964,0.045411365925503704,0.09572610098002322,0.2676081615661134,0.4362494585465124,0.09266040928096307,8,1450,1450,0.4362494585465124
990001316880205171,8,0.006564777531537498,0.004409793001522242,0.006712455914652086,0.0041048074806004425,0.008613604883932808,0.0037663954176440874,0.011594447749066445,0.05926280149970514,0.8803482013992666,0.014622715122072522,8,1450,1450,0.8803482013992666
990001318890205171,8,0.06750072333830227,0.02283071152195413,0.07073036880654422,0.06157426204594981,0.014675483650384215,0.09428325319155752,0.156148204857501,0.2433474443985576,0.20161091251297694,0.06729863567627227,7,1450,1400,0.2433474443985576
990001320770205171,8,0.04694076673460911,0.01075591467044087,0.021066698019114607,0.026183550416658513,0.03851582899910102,0.0594258007196536,0.04921251781226186,0.09515270820705371,0.5701114351424789,0.08263477927862783,8,1450,1450,0.5701114351424789
990001321000205171,8,0.01636207505277755,0.016641427965535357,0.08277940091192358,0.0878114353307413,0.16453050569835334,0.06478248897017953,0.0122955983119557,0.021295038244005603,0.2389874848463652,0.29451454466816285,9,1450,1500,0.29451454466816285
990001321600205171,7,0.016124556133603512,0.02537576090784803,0.019726712601605835,0.020504804166512063,0.01693680703325534,0.0779630100689626,0.11070549510811084,0.42953316340274467,0.20311523275386378,0.08001445782349333,7,1400,1400,0.42953316340274467
990001324280205171,8,0.0202068365766483,0.022777351582498682,0.02962884310848501,0.02007953135232008,0.02628483787435352,0.2637668686871113,0.18261697476933655,0.288224513557205,0.06251961441931023,0.08389462807273135,7,1450,1400,0.288224513557205
990001377020205171,3,0.03536236966428151,0.04499408060708799,0.028786991995286327,0.13602249476552405,0.019458938833951788,0.181738033792517,0.14804245242001224,0.2200269493828895,0.11195593819578903,0.07361175034266061,7,1200,1400,0.2200269493828895
990001377150205171,7,0.05442146234122411,0.028966809779192037,0.02009299557254184,0.011309299839373893,0.005607778560806603,0.07600018011457216,0.06662037797829234,0.07838650357656643,0.5686734020089242,0.08992119022850627,8,1400,1450,0.5686734020089242
990001378970205171,8,0.03791291076871376,0.032103943846741666,0.01813485553102813,0.0439497770576359,0.037284751052507344,0.03736266019293919,0.037919218617606144,0.06541808889640409,0.12571361270566972,0.564200181330754,9,1450,1500,0.564200181330754
990001490620205171,8,0.019925687743672132,0.023813842062893463,0.008783366527793456,0.020381174116925214,0.11724391710467874,0.021058188162445896,0.058741851841159605,0.09407654621001071,0.49956406897705546,0.13641135725336528,8,1450,1450,0.49956406897705546
990001509500205171,8,0.01596616582340787,0.02628441362584789,0.00755933212771276,0.014806137299225152,0.016528753816878426,0.01179353557667788,0.020138374908330755,0.2349581491130763,0.44794151325698617,0.20402362445185682,8,1450,1450,0.44794151325698617
990001674310205171,7,0.04065730133540629,0.030989673710362865,0.03303570367384657,0.013319092646555581,0.07750042879202691,0.11480113308618092,0.19588419927805428,0.34689243056209695,0.10746899644271947,0.039451040472750123,7,1400,1400,0.34689243056209695
990001691920205171,7,0.031613087510348636,0.03484641262216315,0.03619866900065041,0.02303180304146704,0.07523881780818992,0.1857381257268518,0.13375864687854894,0.08551228705829532,0.38208975002849976,0.011972400324985033,8,1400,1450,0.38208975002849976
990001692130205171,5,0.014014277490621427,0.02463293244797482,0.013651365439890185,0.026690574629497553,0.1584051799379737,0.11015779323940027,0.3135076202011467,0.12948791716734728,0.08845703597997223,0.12099530346617585,6,1300,1350,0.3135076202011467
990001692620205171,5,0.032439211209991096,0.023809550793595875,0.027027397193863257,0.058114978941741974,0.032093435469726525,0.512062770571536,0.09464960078551571,0.030750086484349202,0.17020135601308234,0.01885161253659796,5,1300,1300,0.512062770571536
990001693480205171,9,0.005078396507791694,0.009294183348454691,0.0052961325766891386,0.015649508897460678,0.008190926003719687,0.01003197387215945,0.026437857131575763,0.013057249027133198,0.8915842214443547,0.015379551190661147,8,1500,1450,0.8915842214443547
990001693730205171,7,0.00456735356377364,0.009976353836079766,0.003730155078843901,0.005522752678796737,0.0014388671491983016,0.019168728134819436,0.035735866048786404,0.03559256695461728,0.8718658759288536,0.012401480626230883,8,1400,1450,0.8718658759288536
990001694100205171,8,0.011438174716394568,0.026173224912870753,0.019238137998606113,0.009072439394073463,0.014691801795307704,0.11284537689808462,0.11349427989679445,0.13882282577592198,0.5056794482925743,0.04854429031937215,8,1450,1450,0.5056794482925743
990001694440205171,8,0.01199578343750194,0.02585882061327324,0.013016649024005537,0.033088834965911106,0.23010869621017346,0.02220908232256329,0.12329716367420528,0.08389848072123676,0.3825431150885932,0.07398337394253619,8,1450,1450,0.3825431150885932
990001728710205171,5,0.05318733558845058,0.04422455456471143,0.0364679538659883,0.23669184301142962,0.12222497993790472,0.021696580423839186,0.08831867675911238,0.06353941670822649,0.2674556672617875,0.06619299187854975,8,1300,1450,0.2674556672617875
990001728760205171,4,0.03483949690149628,0.10812290208180018,0.015510489570195185,0.18279353412807142,0.07920469627113644,0.08200730930025969,0.0857834084554132,0.1238193140929018,0.17972445447273372,0.10819439472599207,3,1250,1200,0.18279353412807142
990001728860205171,3,0.02270381450528668,0.030091655763114917,0.02107521551198387,0.2868690844200163,0.05573270934279999,0.03998996298365453,0.03244768224888837,0.11657462420084821,0.292913570174567,0.10160168084884011,8,1200,1450,0.292913570174567
990001737390205171,5,0.028572171168202685,0.023604516117194926,0.04134430708070809,0.08027635683338216,0.046051235522102434,0.025745657035890008,0.03428852926396017,0.49443227049214855,0.13650324695996416,0.08918170952644676,7,1300,1400,0.49443227049214855
990001745740205171,8,0.01870470678349081,0.03409202176750385,0.022588486415707522,0.051516372016879336,0.13327960677232473,0.06877386392284855,0.14283465158593622,0.1325498410593005,0.3784990571566663,0.017161392519342136,8,1450,1450,0.3784990571566663
990001750580205171,8,0.0326948527400082,0.019005063605375933,0.030109354418929386,0.041111091442647324,0.029043439038514217,0.013451810511247816,0.08980318800077165,0.2101950490329094,0.2514352085312733,0.28315094267832275,9,1450,1500,0.28315094267832275
990001752090205171,8,0.025162629243355276,0.02576813334494383,0.0099156692600741,0.06239411796832933,0.013696782152607856,0.06198281914715519,0.08587330910230583,0.3687662874219505,0.21832915071348694,0.12811110164579106,7,1450,1400,0.3687662874219505
990001753280205171,7,0.019832588882678776,0.023151074900084806,0.03247519179073296,0.06643546128217145,0.08177836819248524,0.04649185323940504,0.0206948924803929,0.10719606655454743,0.5087682953329442,0.09317620734455716,8,1400,1450,0.5087682953329442
990001754270205171,8,0.012334732263944112,0.029301584079457266,0.014508797006567022,0.049884569381848556,0.00419303212273134,0.042399413998324836,0.007573745754675914,0.04891384695184153,0.5745397647387972,0.21635051370181224,8,1450,1450,0.5745397647387972
990001754460205171,8,0.03335402740680437,0.023202674560862016,0.012633215058606082,0.03668574797188902,0.03284502718673582,0.025442885148135138,0.07886680821790139,0.1430119899954924,0.4526387140779431,0.16131891037563065,8,1450,1450,0.4526387140779431
990001794030205171,9,0.02982828803865461,0.016182006114361654,0.04633306386251863,0.006711313581235629,0.018370865577319262,0.1320525834144326,0.06525232411055458,0.5949205582506853,0.012080326817026123,0.07826867023321152,7,1500,1400,0.5949205582506853
990001810420205171,7,0.04263784052157778,0.07947149541148049,0.01198524373197461,0.037943802399631535,0.030363977678949203,0.20332321204277576,0.29343892645436276,0.11180233637500461,0.16904066653611127,0.019992498848131954,6,1400,1350,0.29343892645436276
990001816410205171,6,0.01465930409528513,0.017787812075110543,0.01293014601040896,0.03548638698580256,0.2071307672776566,0.05333209612762097,0.0363783458689338,0.136549250964936,0.4004026695435287,0.08534322105071672,8,1350,1450,0.4004026695435287
990001816710205171,6,0.012219444640959339,0.022514937016328763,0.00822764551771673,0.025983998621690586,0.07302455633129376,0.49292706624383054,0.040496457424005546,0.044613343784577306,0.11977390605557253,0.16021864436402491,5,1350,1300,0.49292706624383054
990001816780205171,9,0.03162340399177145,0.038742322109563736,0.021012333071433225,0.07201828239921923,0.05369988774734453,0.10503264702674757,0.10716494845150815,0.11186804755516938,0.16566789251585998,0.2931702351313828,9,1500,1500,0.2931702351313828
990001817520205171,6,0.021464550144703436,0.03564396245469446,0.06374028780841687,0.04762652694008347,0.03745978322153034,0.40671806841947417,0.0763806036963739,0.0867739321306796,0.1287007094081402,0.09549157577590356,5,1350,1300,0.40671806841947417
990001821220205171,5,0.041075937904154536,0.03182875736466259,0.015690997323770984,0.018043575963684704,0.4086678887598981,0.05016733871056696,0.2904648060543889,0.07891247093668642,0.03273568069267776,0.03241254628950903,4,1300,1250,0.4086678887598981
990001821420205171,5,0.01710288347618172,0.01574831869475639,0.023010114438042146,0.008080466580083047,0.03509325190494436,0.15486827789105967,0.14717868912208967,0.04234072292855033,0.35460531265021994,0.20197196231407272,8,1300,1450,0.35460531265021994
990001845620205171,9,0.025314943523889532,0.025806987876567086,0.014394748570618872,0.03533842933976567,0.012844134033318497,0.04763232675972376,0.08780988919521357,0.08205791726050288,0.397706846206866,0.2710937772335341,8,1500,1450,0.397706846206866
990001884810205171,8,0.03697247614185513,0.03117702748622204,0.02574056311362888,0.05800925548971483,0.07058788027246449,0.048861877458012355,0.06461278252331999,0.16561987373078121,0.4288403165386591,0.06957794724534194,8,1450,1450,0.4288403165386591
990001905650205171,7,0.042618769625125646,0.044348577040166794,0.024562839169589568,0.028134273105774606,0.0269408579301843,0.021670340008814917,0.029803686530554086,0.27408023825366074,0.3367071807348818,0.1711332376012475,8,1400,1450,0.3367071807348818
990001906010205171,5,0.009990244336594085,0.010370284222397328,0.005329617666590339,0.04209047454822791,0.014584200937249736,0.014264588178532768,0.00622642839135702,0.02829420319315837,0.37173652341877483,0.49711343510711764,9,1300,1500,0.49711343510711764
990001909760205171,7,0.03782416974952657,0.03792789552690529,0.05189345217514869,0.06460420832309928,0.0303871450781466,0.09225483554666926,0.06559721644232232,0.03437076865500216,0.5142398428259841,0.0709004656771957,8,1400,1450,0.5142398428259841
990001915260205171,6,0.00919088923494908,0.028753606356791847,0.010041103041765136,0.013347707749472368,0.036963122976251865,0.023497784241415937,0.7659860586202376,0.040732520233210334,0.016618354198277827,0.05486885334762801,6,1350,1350,0.7659860586202376
990001915520205171,8,0.011484902050701242,0.03090662799893349,0.019707355313123728,0.010184969774818841,0.03069103284886836,0.013850917016414077,0.038468733540180405,0.10106136749002463,0.30061146747750483,0.4430326264894304,9,1450,1500,0.4430326264894304
990001916810205171,7,0.025875109700283984,0.03675866423741934,0.05759726394659399,0.10478735841669437,0.11874746927725752,0.03342852184649975,0.05668361678790622,0.1392321007567473,0.38398033329537623,0.04290956173522125,8,1400,1450,0.38398033329537623
990001916930205171,8,0.03311228915213908,0.0178868402191576,0.02603145110173195,0.04211610066540522,0.0196413373802541,0.02240171246690673,0.16898412121503256,0.038205786917561275,0.14702041900005244,0.48459994188175903,9,1450,1500,0.48459994188175903
990001978630205171,4,0.3933000482956804,0.012594337104890023,0.027108414623754372,0.033724916535276026,0.04641028198339726,0.01115735459937476,0.015108745831289723,0.30024282495539034,0.15123537880436955,0.009117697266577601,0,1250,1050,0.3933000482956804
990001980350205171,9,0.01259388530748645,0.023191294892748706,0.02632151122379768,0.011557082549494745,0.02517139587384092,0.01696367521476152,0.19703441049332124,0.022603860770401253,0.16507478247428278,0.49948810119986475,9,1500,1500,0.49948810119986475
990002096790205171,8,0.02699719032673088,0.032087675613836526,0.018212262072510407,0.023894578267410423,0.032514413826631235,0.009228315547628343,0.031066972039844275,0.19424755043090836,0.10242688900374354,0.529324152870756,9,1450,1500,0.529324152870756
990026836920205171,7,0.029556883221705653,0.044095337892374256,0.01704028260629226,0.09432891803183832,0.024665721701596734,0.09296318536263147,0.15255674601029448,0.05704798857888672,0.3987125300345597,0.08903240655982037,8,1400,1450,0.3987125300345597
